number, time, i, j
1, 07:00:00, 1, 2
2, 07:00:00, 1, 2
3, 07:00:00, 1, 2
4, 07:00:00, 1, 2
5, 07:00:00, 1, 2
6, 07:00:00, 1, 2
7, 07:00:00, 1, 2
8, 07:00:00, 1, 2
9, 07:00:00, 1, 2
10, 07:00:00, 1, 2
11, 07:00:00, 1, 2
12, 07:00:00, 1, 2
13, 07:00:00, 1, 2
14, 07:00:00, 1, 2
15, 07:00:00, 1, 2
16, 07:00:00, 1, 2
17, 07:00:00, 1, 2
18, 07:00:00, 1, 2
19, 07:00:00, 1, 2
20, 07:00:00, 1, 2
21, 07:00:00, 1, 2
22, 07:00:00, 1, 2
23, 07:00:00, 1, 2
24, 07:00:00, 1, 2
25, 07:00:00, 1, 2
26, 07:01:00, 1, 2
27, 06:59:00, 1, 2
28, 07:01:00, 1, 2
29, 06:59:00, 1, 2
30, 07:01:00, 1, 2
31, 06:59:00, 1, 2
32, 07:01:00, 1, 2
33, 06:59:00, 1, 2
34, 07:01:00, 1, 2
35, 06:59:00, 1, 2
36, 07:01:00, 1, 2
37, 06:59:00, 1, 2
38, 07:01:00, 1, 2
39, 06:59:00, 1, 2
40, 07:01:00, 1, 2
41, 06:59:00, 1, 2
42, 07:01:00, 1, 2
43, 06:59:00, 1, 2
44, 07:01:00, 1, 2
45, 06:59:00, 1, 2
46, 07:01:00, 1, 2
47, 06:59:00, 1, 2
48, 07:01:00, 1, 2
49, 06:59:00, 1, 2
50, 07:01:00, 1, 2
51, 06:59:00, 1, 2
52, 07:01:00, 1, 2
53, 06:59:00, 1, 2
54, 07:01:00, 1, 2
55, 06:59:00, 1, 2
56, 07:01:00, 1, 2
57, 06:59:00, 1, 2
58, 07:01:00, 1, 2
59, 06:59:00, 1, 2
60, 07:01:00, 1, 2
61, 06:59:00, 1, 2
62, 07:01:00, 1, 2
63, 06:59:00, 1, 2
64, 07:01:00, 1, 2
65, 06:59:00, 1, 2
66, 07:01:00, 1, 2
67, 06:59:00, 1, 2
68, 07:01:00, 1, 2
69, 06:59:00, 1, 2
70, 07:01:00, 1, 2
71, 06:59:00, 1, 2
72, 07:01:00, 1, 2
73, 06:59:00, 1, 2
74, 07:02:00, 1, 2
75, 06:58:00, 1, 2
76, 07:02:00, 1, 2
77, 06:58:00, 1, 2
78, 07:02:00, 1, 2
79, 06:58:00, 1, 2
80, 07:02:00, 1, 2
81, 06:58:00, 1, 2
82, 07:02:00, 1, 2
83, 06:58:00, 1, 2
84, 07:02:00, 1, 2
85, 06:58:00, 1, 2
86, 07:02:00, 1, 2
87, 06:58:00, 1, 2
88, 07:02:00, 1, 2
89, 06:58:00, 1, 2
90, 07:02:00, 1, 2
91, 06:58:00, 1, 2
92, 07:02:00, 1, 2
93, 06:58:00, 1, 2
94, 07:02:00, 1, 2
95, 06:58:00, 1, 2
96, 07:02:00, 1, 2
97, 06:58:00, 1, 2
98, 07:02:00, 1, 2
99, 06:58:00, 1, 2
100, 07:02:00, 1, 2
101, 06:58:00, 1, 2
102, 07:02:00, 1, 2
103, 06:58:00, 1, 2
104, 07:02:00, 1, 2
105, 06:58:00, 1, 2
106, 07:02:00, 1, 2
107, 06:58:00, 1, 2
108, 07:02:00, 1, 2
109, 06:58:00, 1, 2
110, 07:02:00, 1, 2
111, 06:58:00, 1, 2
112, 07:02:00, 1, 2
113, 06:58:00, 1, 2
114, 07:02:00, 1, 2
115, 06:58:00, 1, 2
116, 07:02:00, 1, 2
117, 06:58:00, 1, 2
118, 07:02:00, 1, 2
119, 06:58:00, 1, 2
120, 07:03:00, 1, 2
121, 06:57:00, 1, 2
122, 07:03:00, 1, 2
123, 06:57:00, 1, 2
124, 07:03:00, 1, 2
125, 06:57:00, 1, 2
126, 07:03:00, 1, 2
127, 06:57:00, 1, 2
128, 07:03:00, 1, 2
129, 06:57:00, 1, 2
130, 07:03:00, 1, 2
131, 06:57:00, 1, 2
132, 07:03:00, 1, 2
133, 06:57:00, 1, 2
134, 07:03:00, 1, 2
135, 06:57:00, 1, 2
136, 07:03:00, 1, 2
137, 06:57:00, 1, 2
138, 07:03:00, 1, 2
139, 06:57:00, 1, 2
140, 07:03:00, 1, 2
141, 06:57:00, 1, 2
142, 07:03:00, 1, 2
143, 06:57:00, 1, 2
144, 07:03:00, 1, 2
145, 06:57:00, 1, 2
146, 07:03:00, 1, 2
147, 06:57:00, 1, 2
148, 07:03:00, 1, 2
149, 06:57:00, 1, 2
150, 07:03:00, 1, 2
151, 06:57:00, 1, 2
152, 07:03:00, 1, 2
153, 06:57:00, 1, 2
154, 07:03:00, 1, 2
155, 06:57:00, 1, 2
156, 07:03:00, 1, 2
157, 06:57:00, 1, 2
158, 07:03:00, 1, 2
159, 06:57:00, 1, 2
160, 07:03:00, 1, 2
161, 06:57:00, 1, 2
162, 07:03:00, 1, 2
163, 06:57:00, 1, 2
164, 07:04:00, 1, 2
165, 06:56:00, 1, 2
166, 07:04:00, 1, 2
167, 06:56:00, 1, 2
168, 07:04:00, 1, 2
169, 06:56:00, 1, 2
170, 07:04:00, 1, 2
171, 06:56:00, 1, 2
172, 07:04:00, 1, 2
173, 06:56:00, 1, 2
174, 07:04:00, 1, 2
175, 06:56:00, 1, 2
176, 07:04:00, 1, 2
177, 06:56:00, 1, 2
178, 07:04:00, 1, 2
179, 06:56:00, 1, 2
180, 07:04:00, 1, 2
181, 06:56:00, 1, 2
182, 07:04:00, 1, 2
183, 06:56:00, 1, 2
184, 07:04:00, 1, 2
185, 06:56:00, 1, 2
186, 07:04:00, 1, 2
187, 06:56:00, 1, 2
188, 07:04:00, 1, 2
189, 06:56:00, 1, 2
190, 07:04:00, 1, 2
191, 06:56:00, 1, 2
192, 07:04:00, 1, 2
193, 06:56:00, 1, 2
194, 07:04:00, 1, 2
195, 06:56:00, 1, 2
196, 07:04:00, 1, 2
197, 06:56:00, 1, 2
198, 07:04:00, 1, 2
199, 06:56:00, 1, 2
200, 07:04:00, 1, 2
201, 06:56:00, 1, 2
202, 07:04:00, 1, 2
203, 06:56:00, 1, 2
204, 07:05:00, 1, 2
205, 06:55:00, 1, 2
206, 07:05:00, 1, 2
207, 06:55:00, 1, 2
208, 07:05:00, 1, 2
209, 06:55:00, 1, 2
210, 07:05:00, 1, 2
211, 06:55:00, 1, 2
212, 07:05:00, 1, 2
213, 06:55:00, 1, 2
214, 07:05:00, 1, 2
215, 06:55:00, 1, 2
216, 07:05:00, 1, 2
217, 06:55:00, 1, 2
218, 07:05:00, 1, 2
219, 06:55:00, 1, 2
220, 07:05:00, 1, 2
221, 06:55:00, 1, 2
222, 07:05:00, 1, 2
223, 06:55:00, 1, 2
224, 07:05:00, 1, 2
225, 06:55:00, 1, 2
226, 07:05:00, 1, 2
227, 06:55:00, 1, 2
228, 07:05:00, 1, 2
229, 06:55:00, 1, 2
230, 07:05:00, 1, 2
231, 06:55:00, 1, 2
232, 07:05:00, 1, 2
233, 06:55:00, 1, 2
234, 07:05:00, 1, 2
235, 06:55:00, 1, 2
236, 07:05:00, 1, 2
237, 06:55:00, 1, 2
238, 07:06:00, 1, 2
239, 06:54:00, 1, 2
240, 07:06:00, 1, 2
241, 06:54:00, 1, 2
242, 07:06:00, 1, 2
243, 06:54:00, 1, 2
244, 07:06:00, 1, 2
245, 06:54:00, 1, 2
246, 07:06:00, 1, 2
247, 06:54:00, 1, 2
248, 07:06:00, 1, 2
249, 06:54:00, 1, 2
250, 07:06:00, 1, 2
251, 06:54:00, 1, 2
252, 07:06:00, 1, 2
253, 06:54:00, 1, 2
254, 07:06:00, 1, 2
255, 06:54:00, 1, 2
256, 07:06:00, 1, 2
257, 06:54:00, 1, 2
258, 07:06:00, 1, 2
259, 06:54:00, 1, 2
260, 07:06:00, 1, 2
261, 06:54:00, 1, 2
262, 07:06:00, 1, 2
263, 06:54:00, 1, 2
264, 07:06:00, 1, 2
265, 06:54:00, 1, 2
266, 07:06:00, 1, 2
267, 06:54:00, 1, 2
268, 07:07:00, 1, 2
269, 06:53:00, 1, 2
270, 07:07:00, 1, 2
271, 06:53:00, 1, 2
272, 07:07:00, 1, 2
273, 06:53:00, 1, 2
274, 07:07:00, 1, 2
275, 06:53:00, 1, 2
276, 07:07:00, 1, 2
277, 06:53:00, 1, 2
278, 07:07:00, 1, 2
279, 06:53:00, 1, 2
280, 07:07:00, 1, 2
281, 06:53:00, 1, 2
282, 07:07:00, 1, 2
283, 06:53:00, 1, 2
284, 07:07:00, 1, 2
285, 06:53:00, 1, 2
286, 07:07:00, 1, 2
287, 06:53:00, 1, 2
288, 07:07:00, 1, 2
289, 06:53:00, 1, 2
290, 07:07:00, 1, 2
291, 06:53:00, 1, 2
292, 07:08:00, 1, 2
293, 06:52:00, 1, 2
294, 07:08:00, 1, 2
295, 06:52:00, 1, 2
296, 07:08:00, 1, 2
297, 06:52:00, 1, 2
298, 07:08:00, 1, 2
299, 06:52:00, 1, 2
300, 07:08:00, 1, 2
301, 06:52:00, 1, 2
302, 07:08:00, 1, 2
303, 06:52:00, 1, 2
304, 07:08:00, 1, 2
305, 06:52:00, 1, 2
306, 07:08:00, 1, 2
307, 06:52:00, 1, 2
308, 07:08:00, 1, 2
309, 06:52:00, 1, 2
310, 07:08:00, 1, 2
311, 06:52:00, 1, 2
312, 07:09:00, 1, 2
313, 06:51:00, 1, 2
314, 07:09:00, 1, 2
315, 06:51:00, 1, 2
316, 07:09:00, 1, 2
317, 06:51:00, 1, 2
318, 07:09:00, 1, 2
319, 06:51:00, 1, 2
320, 07:09:00, 1, 2
321, 06:51:00, 1, 2
322, 07:09:00, 1, 2
323, 06:51:00, 1, 2
324, 07:09:00, 1, 2
325, 06:51:00, 1, 2
326, 07:09:00, 1, 2
327, 06:51:00, 1, 2
328, 07:10:00, 1, 2
329, 06:50:00, 1, 2
330, 07:10:00, 1, 2
331, 06:50:00, 1, 2
332, 07:10:00, 1, 2
333, 06:50:00, 1, 2
334, 07:10:00, 1, 2
335, 06:50:00, 1, 2
336, 07:10:00, 1, 2
337, 06:50:00, 1, 2
338, 07:10:00, 1, 2
339, 06:50:00, 1, 2
340, 07:11:00, 1, 2
341, 06:49:00, 1, 2
342, 07:11:00, 1, 2
343, 06:49:00, 1, 2
344, 07:11:00, 1, 2
345, 06:49:00, 1, 2
346, 07:11:00, 1, 2
347, 06:49:00, 1, 2
348, 07:12:00, 1, 2
349, 06:48:00, 1, 2
350, 07:12:00, 1, 2
351, 06:48:00, 1, 2
352, 07:12:00, 1, 2
353, 06:48:00, 1, 2
354, 07:13:00, 1, 2
355, 06:47:00, 1, 2
356, 07:13:00, 1, 2
357, 06:47:00, 1, 2
358, 07:14:00, 1, 2
359, 06:46:00, 1, 2
360, 07:15:00, 1, 2
361, 06:45:00, 1, 2
362, 07:16:00, 1, 2
363, 06:44:00, 1, 2
364, 07:17:00, 1, 2
365, 06:43:00, 1, 2
366, 07:18:00, 1, 2
367, 06:42:00, 1, 2
368, 07:19:00, 1, 2
369, 06:41:00, 1, 2
370, 07:20:00, 1, 2
371, 06:40:00, 1, 2
372, 07:21:00, 1, 2
373, 06:39:00, 1, 2
374, 07:22:00, 1, 2
375, 06:38:00, 1, 2
376, 07:23:00, 1, 2
377, 06:37:00, 1, 2
378, 07:24:00, 1, 2
379, 07:00:00, 1, 3
380, 07:00:00, 1, 3
381, 07:00:00, 1, 3
382, 07:00:00, 1, 3
383, 07:00:00, 1, 3
384, 07:00:00, 1, 3
385, 07:00:00, 1, 3
386, 07:00:00, 1, 3
387, 07:00:00, 1, 3
388, 07:00:00, 1, 3
389, 07:00:00, 1, 3
390, 07:00:00, 1, 3
391, 07:00:00, 1, 3
392, 07:00:00, 1, 3
393, 07:00:00, 1, 3
394, 07:00:00, 1, 3
395, 07:00:00, 1, 3
396, 07:00:00, 1, 3
397, 07:00:00, 1, 3
398, 07:00:00, 1, 3
399, 07:00:00, 1, 3
400, 07:00:00, 1, 3
401, 07:00:00, 1, 3
402, 07:00:00, 1, 3
403, 07:00:00, 1, 3
404, 07:00:00, 1, 3
405, 07:00:00, 1, 3
406, 07:00:00, 1, 3
407, 07:00:00, 1, 3
408, 07:00:00, 1, 3
409, 07:00:00, 1, 3
410, 07:00:00, 1, 3
411, 07:00:00, 1, 3
412, 07:00:00, 1, 3
413, 07:00:00, 1, 3
414, 07:00:00, 1, 3
415, 07:00:00, 1, 3
416, 07:00:00, 1, 3
417, 07:00:00, 1, 3
418, 07:00:00, 1, 3
419, 07:00:00, 1, 3
420, 07:00:00, 1, 3
421, 07:00:00, 1, 3
422, 07:00:00, 1, 3
423, 07:00:00, 1, 3
424, 07:00:00, 1, 3
425, 07:00:00, 1, 3
426, 07:00:00, 1, 3
427, 07:00:00, 1, 3
428, 07:00:00, 1, 3
429, 07:00:00, 1, 3
430, 07:00:00, 1, 3
431, 07:00:00, 1, 3
432, 07:00:00, 1, 3
433, 07:00:00, 1, 3
434, 07:00:00, 1, 3
435, 07:00:00, 1, 3
436, 07:00:00, 1, 3
437, 07:00:00, 1, 3
438, 07:00:00, 1, 3
439, 07:00:00, 1, 3
440, 07:00:00, 1, 3
441, 07:00:00, 1, 3
442, 07:00:00, 1, 3
443, 07:00:00, 1, 3
444, 07:00:00, 1, 3
445, 07:00:00, 1, 3
446, 07:01:00, 1, 3
447, 06:59:00, 1, 3
448, 07:01:00, 1, 3
449, 06:59:00, 1, 3
450, 07:01:00, 1, 3
451, 06:59:00, 1, 3
452, 07:01:00, 1, 3
453, 06:59:00, 1, 3
454, 07:01:00, 1, 3
455, 06:59:00, 1, 3
456, 07:01:00, 1, 3
457, 06:59:00, 1, 3
458, 07:01:00, 1, 3
459, 06:59:00, 1, 3
460, 07:01:00, 1, 3
461, 06:59:00, 1, 3
462, 07:01:00, 1, 3
463, 06:59:00, 1, 3
464, 07:01:00, 1, 3
465, 06:59:00, 1, 3
466, 07:01:00, 1, 3
467, 06:59:00, 1, 3
468, 07:01:00, 1, 3
469, 06:59:00, 1, 3
470, 07:01:00, 1, 3
471, 06:59:00, 1, 3
472, 07:01:00, 1, 3
473, 06:59:00, 1, 3
474, 07:01:00, 1, 3
475, 06:59:00, 1, 3
476, 07:01:00, 1, 3
477, 06:59:00, 1, 3
478, 07:01:00, 1, 3
479, 06:59:00, 1, 3
480, 07:01:00, 1, 3
481, 06:59:00, 1, 3
482, 07:01:00, 1, 3
483, 06:59:00, 1, 3
484, 07:01:00, 1, 3
485, 06:59:00, 1, 3
486, 07:01:00, 1, 3
487, 06:59:00, 1, 3
488, 07:01:00, 1, 3
489, 06:59:00, 1, 3
490, 07:01:00, 1, 3
491, 06:59:00, 1, 3
492, 07:01:00, 1, 3
493, 06:59:00, 1, 3
494, 07:01:00, 1, 3
495, 06:59:00, 1, 3
496, 07:01:00, 1, 3
497, 06:59:00, 1, 3
498, 07:01:00, 1, 3
499, 06:59:00, 1, 3
500, 07:01:00, 1, 3
501, 06:59:00, 1, 3
502, 07:01:00, 1, 3
503, 06:59:00, 1, 3
504, 07:01:00, 1, 3
505, 06:59:00, 1, 3
506, 07:01:00, 1, 3
507, 06:59:00, 1, 3
508, 07:01:00, 1, 3
509, 06:59:00, 1, 3
510, 07:01:00, 1, 3
511, 06:59:00, 1, 3
512, 07:01:00, 1, 3
513, 06:59:00, 1, 3
514, 07:01:00, 1, 3
515, 06:59:00, 1, 3
516, 07:01:00, 1, 3
517, 06:59:00, 1, 3
518, 07:01:00, 1, 3
519, 06:59:00, 1, 3
520, 07:01:00, 1, 3
521, 06:59:00, 1, 3
522, 07:01:00, 1, 3
523, 06:59:00, 1, 3
524, 07:01:00, 1, 3
525, 06:59:00, 1, 3
526, 07:01:00, 1, 3
527, 06:59:00, 1, 3
528, 07:01:00, 1, 3
529, 06:59:00, 1, 3
530, 07:01:00, 1, 3
531, 06:59:00, 1, 3
532, 07:01:00, 1, 3
533, 06:59:00, 1, 3
534, 07:01:00, 1, 3
535, 06:59:00, 1, 3
536, 07:01:00, 1, 3
537, 06:59:00, 1, 3
538, 07:01:00, 1, 3
539, 06:59:00, 1, 3
540, 07:01:00, 1, 3
541, 06:59:00, 1, 3
542, 07:01:00, 1, 3
543, 06:59:00, 1, 3
544, 07:01:00, 1, 3
545, 06:59:00, 1, 3
546, 07:01:00, 1, 3
547, 06:59:00, 1, 3
548, 07:01:00, 1, 3
549, 06:59:00, 1, 3
550, 07:01:00, 1, 3
551, 06:59:00, 1, 3
552, 07:01:00, 1, 3
553, 06:59:00, 1, 3
554, 07:01:00, 1, 3
555, 06:59:00, 1, 3
556, 07:01:00, 1, 3
557, 06:59:00, 1, 3
558, 07:01:00, 1, 3
559, 06:59:00, 1, 3
560, 07:01:00, 1, 3
561, 06:59:00, 1, 3
562, 07:01:00, 1, 3
563, 06:59:00, 1, 3
564, 07:01:00, 1, 3
565, 06:59:00, 1, 3
566, 07:01:00, 1, 3
567, 06:59:00, 1, 3
568, 07:01:00, 1, 3
569, 06:59:00, 1, 3
570, 07:01:00, 1, 3
571, 06:59:00, 1, 3
572, 07:01:00, 1, 3
573, 06:59:00, 1, 3
574, 07:01:00, 1, 3
575, 06:59:00, 1, 3
576, 07:01:00, 1, 3
577, 06:59:00, 1, 3
578, 07:02:00, 1, 3
579, 06:58:00, 1, 3
580, 07:02:00, 1, 3
581, 06:58:00, 1, 3
582, 07:02:00, 1, 3
583, 06:58:00, 1, 3
584, 07:02:00, 1, 3
585, 06:58:00, 1, 3
586, 07:02:00, 1, 3
587, 06:58:00, 1, 3
588, 07:02:00, 1, 3
589, 06:58:00, 1, 3
590, 07:02:00, 1, 3
591, 06:58:00, 1, 3
592, 07:02:00, 1, 3
593, 06:58:00, 1, 3
594, 07:02:00, 1, 3
595, 06:58:00, 1, 3
596, 07:02:00, 1, 3
597, 06:58:00, 1, 3
598, 07:02:00, 1, 3
599, 06:58:00, 1, 3
600, 07:02:00, 1, 3
601, 06:58:00, 1, 3
602, 07:02:00, 1, 3
603, 06:58:00, 1, 3
604, 07:02:00, 1, 3
605, 06:58:00, 1, 3
606, 07:02:00, 1, 3
607, 06:58:00, 1, 3
608, 07:02:00, 1, 3
609, 06:58:00, 1, 3
610, 07:02:00, 1, 3
611, 06:58:00, 1, 3
612, 07:02:00, 1, 3
613, 06:58:00, 1, 3
614, 07:02:00, 1, 3
615, 06:58:00, 1, 3
616, 07:02:00, 1, 3
617, 06:58:00, 1, 3
618, 07:02:00, 1, 3
619, 06:58:00, 1, 3
620, 07:02:00, 1, 3
621, 06:58:00, 1, 3
622, 07:02:00, 1, 3
623, 06:58:00, 1, 3
624, 07:02:00, 1, 3
625, 06:58:00, 1, 3
626, 07:02:00, 1, 3
627, 06:58:00, 1, 3
628, 07:02:00, 1, 3
629, 06:58:00, 1, 3
630, 07:02:00, 1, 3
631, 06:58:00, 1, 3
632, 07:02:00, 1, 3
633, 06:58:00, 1, 3
634, 07:02:00, 1, 3
635, 06:58:00, 1, 3
636, 07:02:00, 1, 3
637, 06:58:00, 1, 3
638, 07:02:00, 1, 3
639, 06:58:00, 1, 3
640, 07:02:00, 1, 3
641, 06:58:00, 1, 3
642, 07:02:00, 1, 3
643, 06:58:00, 1, 3
644, 07:02:00, 1, 3
645, 06:58:00, 1, 3
646, 07:02:00, 1, 3
647, 06:58:00, 1, 3
648, 07:02:00, 1, 3
649, 06:58:00, 1, 3
650, 07:02:00, 1, 3
651, 06:58:00, 1, 3
652, 07:02:00, 1, 3
653, 06:58:00, 1, 3
654, 07:02:00, 1, 3
655, 06:58:00, 1, 3
656, 07:02:00, 1, 3
657, 06:58:00, 1, 3
658, 07:02:00, 1, 3
659, 06:58:00, 1, 3
660, 07:02:00, 1, 3
661, 06:58:00, 1, 3
662, 07:02:00, 1, 3
663, 06:58:00, 1, 3
664, 07:02:00, 1, 3
665, 06:58:00, 1, 3
666, 07:02:00, 1, 3
667, 06:58:00, 1, 3
668, 07:02:00, 1, 3
669, 06:58:00, 1, 3
670, 07:02:00, 1, 3
671, 06:58:00, 1, 3
672, 07:02:00, 1, 3
673, 06:58:00, 1, 3
674, 07:02:00, 1, 3
675, 06:58:00, 1, 3
676, 07:02:00, 1, 3
677, 06:58:00, 1, 3
678, 07:02:00, 1, 3
679, 06:58:00, 1, 3
680, 07:02:00, 1, 3
681, 06:58:00, 1, 3
682, 07:02:00, 1, 3
683, 06:58:00, 1, 3
684, 07:02:00, 1, 3
685, 06:58:00, 1, 3
686, 07:02:00, 1, 3
687, 06:58:00, 1, 3
688, 07:02:00, 1, 3
689, 06:58:00, 1, 3
690, 07:02:00, 1, 3
691, 06:58:00, 1, 3
692, 07:02:00, 1, 3
693, 06:58:00, 1, 3
694, 07:02:00, 1, 3
695, 06:58:00, 1, 3
696, 07:02:00, 1, 3
697, 06:58:00, 1, 3
698, 07:02:00, 1, 3
699, 06:58:00, 1, 3
700, 07:02:00, 1, 3
701, 06:58:00, 1, 3
702, 07:02:00, 1, 3
703, 06:58:00, 1, 3
704, 07:03:00, 1, 3
705, 06:57:00, 1, 3
706, 07:03:00, 1, 3
707, 06:57:00, 1, 3
708, 07:03:00, 1, 3
709, 06:57:00, 1, 3
710, 07:03:00, 1, 3
711, 06:57:00, 1, 3
712, 07:03:00, 1, 3
713, 06:57:00, 1, 3
714, 07:03:00, 1, 3
715, 06:57:00, 1, 3
716, 07:03:00, 1, 3
717, 06:57:00, 1, 3
718, 07:03:00, 1, 3
719, 06:57:00, 1, 3
720, 07:03:00, 1, 3
721, 06:57:00, 1, 3
722, 07:03:00, 1, 3
723, 06:57:00, 1, 3
724, 07:03:00, 1, 3
725, 06:57:00, 1, 3
726, 07:03:00, 1, 3
727, 06:57:00, 1, 3
728, 07:03:00, 1, 3
729, 06:57:00, 1, 3
730, 07:03:00, 1, 3
731, 06:57:00, 1, 3
732, 07:03:00, 1, 3
733, 06:57:00, 1, 3
734, 07:03:00, 1, 3
735, 06:57:00, 1, 3
736, 07:03:00, 1, 3
737, 06:57:00, 1, 3
738, 07:03:00, 1, 3
739, 06:57:00, 1, 3
740, 07:03:00, 1, 3
741, 06:57:00, 1, 3
742, 07:03:00, 1, 3
743, 06:57:00, 1, 3
744, 07:03:00, 1, 3
745, 06:57:00, 1, 3
746, 07:03:00, 1, 3
747, 06:57:00, 1, 3
748, 07:03:00, 1, 3
749, 06:57:00, 1, 3
750, 07:03:00, 1, 3
751, 06:57:00, 1, 3
752, 07:03:00, 1, 3
753, 06:57:00, 1, 3
754, 07:03:00, 1, 3
755, 06:57:00, 1, 3
756, 07:03:00, 1, 3
757, 06:57:00, 1, 3
758, 07:03:00, 1, 3
759, 06:57:00, 1, 3
760, 07:03:00, 1, 3
761, 06:57:00, 1, 3
762, 07:03:00, 1, 3
763, 06:57:00, 1, 3
764, 07:03:00, 1, 3
765, 06:57:00, 1, 3
766, 07:03:00, 1, 3
767, 06:57:00, 1, 3
768, 07:03:00, 1, 3
769, 06:57:00, 1, 3
770, 07:03:00, 1, 3
771, 06:57:00, 1, 3
772, 07:03:00, 1, 3
773, 06:57:00, 1, 3
774, 07:03:00, 1, 3
775, 06:57:00, 1, 3
776, 07:03:00, 1, 3
777, 06:57:00, 1, 3
778, 07:03:00, 1, 3
779, 06:57:00, 1, 3
780, 07:03:00, 1, 3
781, 06:57:00, 1, 3
782, 07:03:00, 1, 3
783, 06:57:00, 1, 3
784, 07:03:00, 1, 3
785, 06:57:00, 1, 3
786, 07:03:00, 1, 3
787, 06:57:00, 1, 3
788, 07:03:00, 1, 3
789, 06:57:00, 1, 3
790, 07:03:00, 1, 3
791, 06:57:00, 1, 3
792, 07:03:00, 1, 3
793, 06:57:00, 1, 3
794, 07:03:00, 1, 3
795, 06:57:00, 1, 3
796, 07:03:00, 1, 3
797, 06:57:00, 1, 3
798, 07:03:00, 1, 3
799, 06:57:00, 1, 3
800, 07:03:00, 1, 3
801, 06:57:00, 1, 3
802, 07:03:00, 1, 3
803, 06:57:00, 1, 3
804, 07:03:00, 1, 3
805, 06:57:00, 1, 3
806, 07:03:00, 1, 3
807, 06:57:00, 1, 3
808, 07:03:00, 1, 3
809, 06:57:00, 1, 3
810, 07:03:00, 1, 3
811, 06:57:00, 1, 3
812, 07:03:00, 1, 3
813, 06:57:00, 1, 3
814, 07:03:00, 1, 3
815, 06:57:00, 1, 3
816, 07:03:00, 1, 3
817, 06:57:00, 1, 3
818, 07:03:00, 1, 3
819, 06:57:00, 1, 3
820, 07:03:00, 1, 3
821, 06:57:00, 1, 3
822, 07:04:00, 1, 3
823, 06:56:00, 1, 3
824, 07:04:00, 1, 3
825, 06:56:00, 1, 3
826, 07:04:00, 1, 3
827, 06:56:00, 1, 3
828, 07:04:00, 1, 3
829, 06:56:00, 1, 3
830, 07:04:00, 1, 3
831, 06:56:00, 1, 3
832, 07:04:00, 1, 3
833, 06:56:00, 1, 3
834, 07:04:00, 1, 3
835, 06:56:00, 1, 3
836, 07:04:00, 1, 3
837, 06:56:00, 1, 3
838, 07:04:00, 1, 3
839, 06:56:00, 1, 3
840, 07:04:00, 1, 3
841, 06:56:00, 1, 3
842, 07:04:00, 1, 3
843, 06:56:00, 1, 3
844, 07:04:00, 1, 3
845, 06:56:00, 1, 3
846, 07:04:00, 1, 3
847, 06:56:00, 1, 3
848, 07:04:00, 1, 3
849, 06:56:00, 1, 3
850, 07:04:00, 1, 3
851, 06:56:00, 1, 3
852, 07:04:00, 1, 3
853, 06:56:00, 1, 3
854, 07:04:00, 1, 3
855, 06:56:00, 1, 3
856, 07:04:00, 1, 3
857, 06:56:00, 1, 3
858, 07:04:00, 1, 3
859, 06:56:00, 1, 3
860, 07:04:00, 1, 3
861, 06:56:00, 1, 3
862, 07:04:00, 1, 3
863, 06:56:00, 1, 3
864, 07:04:00, 1, 3
865, 06:56:00, 1, 3
866, 07:04:00, 1, 3
867, 06:56:00, 1, 3
868, 07:04:00, 1, 3
869, 06:56:00, 1, 3
870, 07:04:00, 1, 3
871, 06:56:00, 1, 3
872, 07:04:00, 1, 3
873, 06:56:00, 1, 3
874, 07:04:00, 1, 3
875, 06:56:00, 1, 3
876, 07:04:00, 1, 3
877, 06:56:00, 1, 3
878, 07:04:00, 1, 3
879, 06:56:00, 1, 3
880, 07:04:00, 1, 3
881, 06:56:00, 1, 3
882, 07:04:00, 1, 3
883, 06:56:00, 1, 3
884, 07:04:00, 1, 3
885, 06:56:00, 1, 3
886, 07:04:00, 1, 3
887, 06:56:00, 1, 3
888, 07:04:00, 1, 3
889, 06:56:00, 1, 3
890, 07:04:00, 1, 3
891, 06:56:00, 1, 3
892, 07:04:00, 1, 3
893, 06:56:00, 1, 3
894, 07:04:00, 1, 3
895, 06:56:00, 1, 3
896, 07:04:00, 1, 3
897, 06:56:00, 1, 3
898, 07:04:00, 1, 3
899, 06:56:00, 1, 3
900, 07:04:00, 1, 3
901, 06:56:00, 1, 3
902, 07:04:00, 1, 3
903, 06:56:00, 1, 3
904, 07:04:00, 1, 3
905, 06:56:00, 1, 3
906, 07:04:00, 1, 3
907, 06:56:00, 1, 3
908, 07:04:00, 1, 3
909, 06:56:00, 1, 3
910, 07:04:00, 1, 3
911, 06:56:00, 1, 3
912, 07:04:00, 1, 3
913, 06:56:00, 1, 3
914, 07:04:00, 1, 3
915, 06:56:00, 1, 3
916, 07:04:00, 1, 3
917, 06:56:00, 1, 3
918, 07:04:00, 1, 3
919, 06:56:00, 1, 3
920, 07:04:00, 1, 3
921, 06:56:00, 1, 3
922, 07:04:00, 1, 3
923, 06:56:00, 1, 3
924, 07:04:00, 1, 3
925, 06:56:00, 1, 3
926, 07:04:00, 1, 3
927, 06:56:00, 1, 3
928, 07:05:00, 1, 3
929, 06:55:00, 1, 3
930, 07:05:00, 1, 3
931, 06:55:00, 1, 3
932, 07:05:00, 1, 3
933, 06:55:00, 1, 3
934, 07:05:00, 1, 3
935, 06:55:00, 1, 3
936, 07:05:00, 1, 3
937, 06:55:00, 1, 3
938, 07:05:00, 1, 3
939, 06:55:00, 1, 3
940, 07:05:00, 1, 3
941, 06:55:00, 1, 3
942, 07:05:00, 1, 3
943, 06:55:00, 1, 3
944, 07:05:00, 1, 3
945, 06:55:00, 1, 3
946, 07:05:00, 1, 3
947, 06:55:00, 1, 3
948, 07:05:00, 1, 3
949, 06:55:00, 1, 3
950, 07:05:00, 1, 3
951, 06:55:00, 1, 3
952, 07:05:00, 1, 3
953, 06:55:00, 1, 3
954, 07:05:00, 1, 3
955, 06:55:00, 1, 3
956, 07:05:00, 1, 3
957, 06:55:00, 1, 3
958, 07:05:00, 1, 3
959, 06:55:00, 1, 3
960, 07:05:00, 1, 3
961, 06:55:00, 1, 3
962, 07:05:00, 1, 3
963, 06:55:00, 1, 3
964, 07:05:00, 1, 3
965, 06:55:00, 1, 3
966, 07:05:00, 1, 3
967, 06:55:00, 1, 3
968, 07:05:00, 1, 3
969, 06:55:00, 1, 3
970, 07:05:00, 1, 3
971, 06:55:00, 1, 3
972, 07:05:00, 1, 3
973, 06:55:00, 1, 3
974, 07:05:00, 1, 3
975, 06:55:00, 1, 3
976, 07:05:00, 1, 3
977, 06:55:00, 1, 3
978, 07:05:00, 1, 3
979, 06:55:00, 1, 3
980, 07:05:00, 1, 3
981, 06:55:00, 1, 3
982, 07:05:00, 1, 3
983, 06:55:00, 1, 3
984, 07:05:00, 1, 3
985, 06:55:00, 1, 3
986, 07:05:00, 1, 3
987, 06:55:00, 1, 3
988, 07:05:00, 1, 3
989, 06:55:00, 1, 3
990, 07:05:00, 1, 3
991, 06:55:00, 1, 3
992, 07:05:00, 1, 3
993, 06:55:00, 1, 3
994, 07:05:00, 1, 3
995, 06:55:00, 1, 3
996, 07:05:00, 1, 3
997, 06:55:00, 1, 3
998, 07:05:00, 1, 3
999, 06:55:00, 1, 3
1000, 07:05:00, 1, 3
1001, 06:55:00, 1, 3
1002, 07:05:00, 1, 3
1003, 06:55:00, 1, 3
1004, 07:05:00, 1, 3
1005, 06:55:00, 1, 3
1006, 07:05:00, 1, 3
1007, 06:55:00, 1, 3
1008, 07:05:00, 1, 3
1009, 06:55:00, 1, 3
1010, 07:05:00, 1, 3
1011, 06:55:00, 1, 3
1012, 07:05:00, 1, 3
1013, 06:55:00, 1, 3
1014, 07:05:00, 1, 3
1015, 06:55:00, 1, 3
1016, 07:05:00, 1, 3
1017, 06:55:00, 1, 3
1018, 07:05:00, 1, 3
1019, 06:55:00, 1, 3
1020, 07:05:00, 1, 3
1021, 06:55:00, 1, 3
1022, 07:06:00, 1, 3
1023, 06:54:00, 1, 3
1024, 07:06:00, 1, 3
1025, 06:54:00, 1, 3
1026, 07:06:00, 1, 3
1027, 06:54:00, 1, 3
1028, 07:06:00, 1, 3
1029, 06:54:00, 1, 3
1030, 07:06:00, 1, 3
1031, 06:54:00, 1, 3
1032, 07:06:00, 1, 3
1033, 06:54:00, 1, 3
1034, 07:06:00, 1, 3
1035, 06:54:00, 1, 3
1036, 07:06:00, 1, 3
1037, 06:54:00, 1, 3
1038, 07:06:00, 1, 3
1039, 06:54:00, 1, 3
1040, 07:06:00, 1, 3
1041, 06:54:00, 1, 3
1042, 07:06:00, 1, 3
1043, 06:54:00, 1, 3
1044, 07:06:00, 1, 3
1045, 06:54:00, 1, 3
1046, 07:06:00, 1, 3
1047, 06:54:00, 1, 3
1048, 07:06:00, 1, 3
1049, 06:54:00, 1, 3
1050, 07:06:00, 1, 3
1051, 06:54:00, 1, 3
1052, 07:06:00, 1, 3
1053, 06:54:00, 1, 3
1054, 07:06:00, 1, 3
1055, 06:54:00, 1, 3
1056, 07:06:00, 1, 3
1057, 06:54:00, 1, 3
1058, 07:06:00, 1, 3
1059, 06:54:00, 1, 3
1060, 07:06:00, 1, 3
1061, 06:54:00, 1, 3
1062, 07:06:00, 1, 3
1063, 06:54:00, 1, 3
1064, 07:06:00, 1, 3
1065, 06:54:00, 1, 3
1066, 07:06:00, 1, 3
1067, 06:54:00, 1, 3
1068, 07:06:00, 1, 3
1069, 06:54:00, 1, 3
1070, 07:06:00, 1, 3
1071, 06:54:00, 1, 3
1072, 07:06:00, 1, 3
1073, 06:54:00, 1, 3
1074, 07:06:00, 1, 3
1075, 06:54:00, 1, 3
1076, 07:06:00, 1, 3
1077, 06:54:00, 1, 3
1078, 07:06:00, 1, 3
1079, 06:54:00, 1, 3
1080, 07:06:00, 1, 3
1081, 06:54:00, 1, 3
1082, 07:06:00, 1, 3
1083, 06:54:00, 1, 3
1084, 07:06:00, 1, 3
1085, 06:54:00, 1, 3
1086, 07:06:00, 1, 3
1087, 06:54:00, 1, 3
1088, 07:06:00, 1, 3
1089, 06:54:00, 1, 3
1090, 07:06:00, 1, 3
1091, 06:54:00, 1, 3
1092, 07:06:00, 1, 3
1093, 06:54:00, 1, 3
1094, 07:06:00, 1, 3
1095, 06:54:00, 1, 3
1096, 07:06:00, 1, 3
1097, 06:54:00, 1, 3
1098, 07:06:00, 1, 3
1099, 06:54:00, 1, 3
1100, 07:06:00, 1, 3
1101, 06:54:00, 1, 3
1102, 07:07:00, 1, 3
1103, 06:53:00, 1, 3
1104, 07:07:00, 1, 3
1105, 06:53:00, 1, 3
1106, 07:07:00, 1, 3
1107, 06:53:00, 1, 3
1108, 07:07:00, 1, 3
1109, 06:53:00, 1, 3
1110, 07:07:00, 1, 3
1111, 06:53:00, 1, 3
1112, 07:07:00, 1, 3
1113, 06:53:00, 1, 3
1114, 07:07:00, 1, 3
1115, 06:53:00, 1, 3
1116, 07:07:00, 1, 3
1117, 06:53:00, 1, 3
1118, 07:07:00, 1, 3
1119, 06:53:00, 1, 3
1120, 07:07:00, 1, 3
1121, 06:53:00, 1, 3
1122, 07:07:00, 1, 3
1123, 06:53:00, 1, 3
1124, 07:07:00, 1, 3
1125, 06:53:00, 1, 3
1126, 07:07:00, 1, 3
1127, 06:53:00, 1, 3
1128, 07:07:00, 1, 3
1129, 06:53:00, 1, 3
1130, 07:07:00, 1, 3
1131, 06:53:00, 1, 3
1132, 07:07:00, 1, 3
1133, 06:53:00, 1, 3
1134, 07:07:00, 1, 3
1135, 06:53:00, 1, 3
1136, 07:07:00, 1, 3
1137, 06:53:00, 1, 3
1138, 07:07:00, 1, 3
1139, 06:53:00, 1, 3
1140, 07:07:00, 1, 3
1141, 06:53:00, 1, 3
1142, 07:07:00, 1, 3
1143, 06:53:00, 1, 3
1144, 07:07:00, 1, 3
1145, 06:53:00, 1, 3
1146, 07:07:00, 1, 3
1147, 06:53:00, 1, 3
1148, 07:07:00, 1, 3
1149, 06:53:00, 1, 3
1150, 07:07:00, 1, 3
1151, 06:53:00, 1, 3
1152, 07:07:00, 1, 3
1153, 06:53:00, 1, 3
1154, 07:07:00, 1, 3
1155, 06:53:00, 1, 3
1156, 07:07:00, 1, 3
1157, 06:53:00, 1, 3
1158, 07:07:00, 1, 3
1159, 06:53:00, 1, 3
1160, 07:07:00, 1, 3
1161, 06:53:00, 1, 3
1162, 07:07:00, 1, 3
1163, 06:53:00, 1, 3
1164, 07:07:00, 1, 3
1165, 06:53:00, 1, 3
1166, 07:07:00, 1, 3
1167, 06:53:00, 1, 3
1168, 07:07:00, 1, 3
1169, 06:53:00, 1, 3
1170, 07:08:00, 1, 3
1171, 06:52:00, 1, 3
1172, 07:08:00, 1, 3
1173, 06:52:00, 1, 3
1174, 07:08:00, 1, 3
1175, 06:52:00, 1, 3
1176, 07:08:00, 1, 3
1177, 06:52:00, 1, 3
1178, 07:08:00, 1, 3
1179, 06:52:00, 1, 3
1180, 07:08:00, 1, 3
1181, 06:52:00, 1, 3
1182, 07:08:00, 1, 3
1183, 06:52:00, 1, 3
1184, 07:08:00, 1, 3
1185, 06:52:00, 1, 3
1186, 07:08:00, 1, 3
1187, 06:52:00, 1, 3
1188, 07:08:00, 1, 3
1189, 06:52:00, 1, 3
1190, 07:08:00, 1, 3
1191, 06:52:00, 1, 3
1192, 07:08:00, 1, 3
1193, 06:52:00, 1, 3
1194, 07:08:00, 1, 3
1195, 06:52:00, 1, 3
1196, 07:08:00, 1, 3
1197, 06:52:00, 1, 3
1198, 07:08:00, 1, 3
1199, 06:52:00, 1, 3
1200, 07:08:00, 1, 3
1201, 06:52:00, 1, 3
1202, 07:08:00, 1, 3
1203, 06:52:00, 1, 3
1204, 07:08:00, 1, 3
1205, 06:52:00, 1, 3
1206, 07:08:00, 1, 3
1207, 06:52:00, 1, 3
1208, 07:08:00, 1, 3
1209, 06:52:00, 1, 3
1210, 07:08:00, 1, 3
1211, 06:52:00, 1, 3
1212, 07:08:00, 1, 3
1213, 06:52:00, 1, 3
1214, 07:08:00, 1, 3
1215, 06:52:00, 1, 3
1216, 07:08:00, 1, 3
1217, 06:52:00, 1, 3
1218, 07:08:00, 1, 3
1219, 06:52:00, 1, 3
1220, 07:08:00, 1, 3
1221, 06:52:00, 1, 3
1222, 07:08:00, 1, 3
1223, 06:52:00, 1, 3
1224, 07:09:00, 1, 3
1225, 06:51:00, 1, 3
1226, 07:09:00, 1, 3
1227, 06:51:00, 1, 3
1228, 07:09:00, 1, 3
1229, 06:51:00, 1, 3
1230, 07:09:00, 1, 3
1231, 06:51:00, 1, 3
1232, 07:09:00, 1, 3
1233, 06:51:00, 1, 3
1234, 07:09:00, 1, 3
1235, 06:51:00, 1, 3
1236, 07:09:00, 1, 3
1237, 06:51:00, 1, 3
1238, 07:09:00, 1, 3
1239, 06:51:00, 1, 3
1240, 07:09:00, 1, 3
1241, 06:51:00, 1, 3
1242, 07:09:00, 1, 3
1243, 06:51:00, 1, 3
1244, 07:09:00, 1, 3
1245, 06:51:00, 1, 3
1246, 07:09:00, 1, 3
1247, 06:51:00, 1, 3
1248, 07:09:00, 1, 3
1249, 06:51:00, 1, 3
1250, 07:09:00, 1, 3
1251, 06:51:00, 1, 3
1252, 07:09:00, 1, 3
1253, 06:51:00, 1, 3
1254, 07:09:00, 1, 3
1255, 06:51:00, 1, 3
1256, 07:09:00, 1, 3
1257, 06:51:00, 1, 3
1258, 07:09:00, 1, 3
1259, 06:51:00, 1, 3
1260, 07:09:00, 1, 3
1261, 06:51:00, 1, 3
1262, 07:09:00, 1, 3
1263, 06:51:00, 1, 3
1264, 07:09:00, 1, 3
1265, 06:51:00, 1, 3
1266, 07:10:00, 1, 3
1267, 06:50:00, 1, 3
1268, 07:10:00, 1, 3
1269, 06:50:00, 1, 3
1270, 07:10:00, 1, 3
1271, 06:50:00, 1, 3
1272, 07:10:00, 1, 3
1273, 06:50:00, 1, 3
1274, 07:10:00, 1, 3
1275, 06:50:00, 1, 3
1276, 07:10:00, 1, 3
1277, 06:50:00, 1, 3
1278, 07:10:00, 1, 3
1279, 06:50:00, 1, 3
1280, 07:10:00, 1, 3
1281, 06:50:00, 1, 3
1282, 07:10:00, 1, 3
1283, 06:50:00, 1, 3
1284, 07:10:00, 1, 3
1285, 06:50:00, 1, 3
1286, 07:10:00, 1, 3
1287, 06:50:00, 1, 3
1288, 07:10:00, 1, 3
1289, 06:50:00, 1, 3
1290, 07:10:00, 1, 3
1291, 06:50:00, 1, 3
1292, 07:10:00, 1, 3
1293, 06:50:00, 1, 3
1294, 07:10:00, 1, 3
1295, 06:50:00, 1, 3
1296, 07:10:00, 1, 3
1297, 06:50:00, 1, 3
1298, 07:11:00, 1, 3
1299, 06:49:00, 1, 3
1300, 07:11:00, 1, 3
1301, 06:49:00, 1, 3
1302, 07:11:00, 1, 3
1303, 06:49:00, 1, 3
1304, 07:11:00, 1, 3
1305, 06:49:00, 1, 3
1306, 07:11:00, 1, 3
1307, 06:49:00, 1, 3
1308, 07:11:00, 1, 3
1309, 06:49:00, 1, 3
1310, 07:11:00, 1, 3
1311, 06:49:00, 1, 3
1312, 07:11:00, 1, 3
1313, 06:49:00, 1, 3
1314, 07:11:00, 1, 3
1315, 06:49:00, 1, 3
1316, 07:11:00, 1, 3
1317, 06:49:00, 1, 3
1318, 07:11:00, 1, 3
1319, 06:49:00, 1, 3
1320, 07:11:00, 1, 3
1321, 06:49:00, 1, 3
1322, 07:12:00, 1, 3
1323, 06:48:00, 1, 3
1324, 07:12:00, 1, 3
1325, 06:48:00, 1, 3
1326, 07:12:00, 1, 3
1327, 06:48:00, 1, 3
1328, 07:12:00, 1, 3
1329, 06:48:00, 1, 3
1330, 07:12:00, 1, 3
1331, 06:48:00, 1, 3
1332, 07:12:00, 1, 3
1333, 06:48:00, 1, 3
1334, 07:12:00, 1, 3
1335, 06:48:00, 1, 3
1336, 07:12:00, 1, 3
1337, 06:48:00, 1, 3
1338, 07:12:00, 1, 3
1339, 06:48:00, 1, 3
1340, 07:13:00, 1, 3
1341, 06:47:00, 1, 3
1342, 07:13:00, 1, 3
1343, 06:47:00, 1, 3
1344, 07:13:00, 1, 3
1345, 06:47:00, 1, 3
1346, 07:13:00, 1, 3
1347, 06:47:00, 1, 3
1348, 07:13:00, 1, 3
1349, 06:47:00, 1, 3
1350, 07:13:00, 1, 3
1351, 06:47:00, 1, 3
1352, 07:14:00, 1, 3
1353, 06:46:00, 1, 3
1354, 07:14:00, 1, 3
1355, 06:46:00, 1, 3
1356, 07:14:00, 1, 3
1357, 06:46:00, 1, 3
1358, 07:14:00, 1, 3
1359, 06:46:00, 1, 3
1360, 07:15:00, 1, 3
1361, 06:45:00, 1, 3
1362, 07:15:00, 1, 3
1363, 06:45:00, 1, 3
1364, 07:16:00, 1, 3
1365, 06:44:00, 1, 3
1366, 07:17:00, 1, 3
1367, 06:43:00, 1, 3
1368, 07:18:00, 1, 3
1369, 06:42:00, 1, 3
1370, 07:19:00, 1, 3
1371, 06:41:00, 1, 3
1372, 07:20:00, 1, 3
1373, 06:40:00, 1, 3
1374, 07:21:00, 1, 3
1375, 06:39:00, 1, 3
1376, 07:22:00, 1, 3
1377, 06:38:00, 1, 3
1378, 07:23:00, 1, 3
1379, 06:37:00, 1, 3
1380, 07:24:00, 1, 3
1381, 06:36:00, 1, 3
1382, 07:25:00, 1, 3
1383, 06:35:00, 1, 3
1384, 07:26:00, 1, 3
1385, 06:34:00, 1, 3
1386, 07:27:00, 1, 3
1387, 06:33:00, 1, 3
1388, 07:28:00, 1, 3
1389, 06:32:00, 1, 3
1390, 07:29:00, 1, 3
1391, 06:31:00, 1, 3
1392, 07:30:00, 1, 3
1393, 07:00:00, 1, 4
1394, 07:00:00, 1, 4
1395, 07:00:00, 1, 4
1396, 07:00:00, 1, 4
1397, 07:00:00, 1, 4
1398, 07:00:00, 1, 4
1399, 07:00:00, 1, 4
1400, 07:00:00, 1, 4
1401, 07:00:00, 1, 4
1402, 07:00:00, 1, 4
1403, 07:00:00, 1, 4
1404, 07:00:00, 1, 4
1405, 07:00:00, 1, 4
1406, 07:00:00, 1, 4
1407, 07:00:00, 1, 4
1408, 07:00:00, 1, 4
1409, 07:00:00, 1, 4
1410, 07:00:00, 1, 4
1411, 07:00:00, 1, 4
1412, 07:00:00, 1, 4
1413, 07:00:00, 1, 4
1414, 07:00:00, 1, 4
1415, 07:00:00, 1, 4
1416, 07:00:00, 1, 4
1417, 07:00:00, 1, 4
1418, 07:00:00, 1, 4
1419, 07:00:00, 1, 4
1420, 07:00:00, 1, 4
1421, 07:00:00, 1, 4
1422, 07:00:00, 1, 4
1423, 07:00:00, 1, 4
1424, 07:00:00, 1, 4
1425, 07:00:00, 1, 4
1426, 07:00:00, 1, 4
1427, 07:01:00, 1, 4
1428, 06:59:00, 1, 4
1429, 07:01:00, 1, 4
1430, 06:59:00, 1, 4
1431, 07:01:00, 1, 4
1432, 06:59:00, 1, 4
1433, 07:01:00, 1, 4
1434, 06:59:00, 1, 4
1435, 07:01:00, 1, 4
1436, 06:59:00, 1, 4
1437, 07:01:00, 1, 4
1438, 06:59:00, 1, 4
1439, 07:01:00, 1, 4
1440, 06:59:00, 1, 4
1441, 07:01:00, 1, 4
1442, 06:59:00, 1, 4
1443, 07:01:00, 1, 4
1444, 06:59:00, 1, 4
1445, 07:01:00, 1, 4
1446, 06:59:00, 1, 4
1447, 07:01:00, 1, 4
1448, 06:59:00, 1, 4
1449, 07:01:00, 1, 4
1450, 06:59:00, 1, 4
1451, 07:01:00, 1, 4
1452, 06:59:00, 1, 4
1453, 07:01:00, 1, 4
1454, 06:59:00, 1, 4
1455, 07:01:00, 1, 4
1456, 06:59:00, 1, 4
1457, 07:01:00, 1, 4
1458, 06:59:00, 1, 4
1459, 07:01:00, 1, 4
1460, 06:59:00, 1, 4
1461, 07:01:00, 1, 4
1462, 06:59:00, 1, 4
1463, 07:01:00, 1, 4
1464, 06:59:00, 1, 4
1465, 07:01:00, 1, 4
1466, 06:59:00, 1, 4
1467, 07:01:00, 1, 4
1468, 06:59:00, 1, 4
1469, 07:01:00, 1, 4
1470, 06:59:00, 1, 4
1471, 07:01:00, 1, 4
1472, 06:59:00, 1, 4
1473, 07:01:00, 1, 4
1474, 06:59:00, 1, 4
1475, 07:01:00, 1, 4
1476, 06:59:00, 1, 4
1477, 07:01:00, 1, 4
1478, 06:59:00, 1, 4
1479, 07:01:00, 1, 4
1480, 06:59:00, 1, 4
1481, 07:01:00, 1, 4
1482, 06:59:00, 1, 4
1483, 07:01:00, 1, 4
1484, 06:59:00, 1, 4
1485, 07:01:00, 1, 4
1486, 06:59:00, 1, 4
1487, 07:01:00, 1, 4
1488, 06:59:00, 1, 4
1489, 07:01:00, 1, 4
1490, 06:59:00, 1, 4
1491, 07:01:00, 1, 4
1492, 06:59:00, 1, 4
1493, 07:01:00, 1, 4
1494, 06:59:00, 1, 4
1495, 07:02:00, 1, 4
1496, 06:58:00, 1, 4
1497, 07:02:00, 1, 4
1498, 06:58:00, 1, 4
1499, 07:02:00, 1, 4
1500, 06:58:00, 1, 4
1501, 07:02:00, 1, 4
1502, 06:58:00, 1, 4
1503, 07:02:00, 1, 4
1504, 06:58:00, 1, 4
1505, 07:02:00, 1, 4
1506, 06:58:00, 1, 4
1507, 07:02:00, 1, 4
1508, 06:58:00, 1, 4
1509, 07:02:00, 1, 4
1510, 06:58:00, 1, 4
1511, 07:02:00, 1, 4
1512, 06:58:00, 1, 4
1513, 07:02:00, 1, 4
1514, 06:58:00, 1, 4
1515, 07:02:00, 1, 4
1516, 06:58:00, 1, 4
1517, 07:02:00, 1, 4
1518, 06:58:00, 1, 4
1519, 07:02:00, 1, 4
1520, 06:58:00, 1, 4
1521, 07:02:00, 1, 4
1522, 06:58:00, 1, 4
1523, 07:02:00, 1, 4
1524, 06:58:00, 1, 4
1525, 07:02:00, 1, 4
1526, 06:58:00, 1, 4
1527, 07:02:00, 1, 4
1528, 06:58:00, 1, 4
1529, 07:02:00, 1, 4
1530, 06:58:00, 1, 4
1531, 07:02:00, 1, 4
1532, 06:58:00, 1, 4
1533, 07:02:00, 1, 4
1534, 06:58:00, 1, 4
1535, 07:02:00, 1, 4
1536, 06:58:00, 1, 4
1537, 07:02:00, 1, 4
1538, 06:58:00, 1, 4
1539, 07:02:00, 1, 4
1540, 06:58:00, 1, 4
1541, 07:02:00, 1, 4
1542, 06:58:00, 1, 4
1543, 07:02:00, 1, 4
1544, 06:58:00, 1, 4
1545, 07:02:00, 1, 4
1546, 06:58:00, 1, 4
1547, 07:02:00, 1, 4
1548, 06:58:00, 1, 4
1549, 07:02:00, 1, 4
1550, 06:58:00, 1, 4
1551, 07:02:00, 1, 4
1552, 06:58:00, 1, 4
1553, 07:02:00, 1, 4
1554, 06:58:00, 1, 4
1555, 07:02:00, 1, 4
1556, 06:58:00, 1, 4
1557, 07:02:00, 1, 4
1558, 06:58:00, 1, 4
1559, 07:03:00, 1, 4
1560, 06:57:00, 1, 4
1561, 07:03:00, 1, 4
1562, 06:57:00, 1, 4
1563, 07:03:00, 1, 4
1564, 06:57:00, 1, 4
1565, 07:03:00, 1, 4
1566, 06:57:00, 1, 4
1567, 07:03:00, 1, 4
1568, 06:57:00, 1, 4
1569, 07:03:00, 1, 4
1570, 06:57:00, 1, 4
1571, 07:03:00, 1, 4
1572, 06:57:00, 1, 4
1573, 07:03:00, 1, 4
1574, 06:57:00, 1, 4
1575, 07:03:00, 1, 4
1576, 06:57:00, 1, 4
1577, 07:03:00, 1, 4
1578, 06:57:00, 1, 4
1579, 07:03:00, 1, 4
1580, 06:57:00, 1, 4
1581, 07:03:00, 1, 4
1582, 06:57:00, 1, 4
1583, 07:03:00, 1, 4
1584, 06:57:00, 1, 4
1585, 07:03:00, 1, 4
1586, 06:57:00, 1, 4
1587, 07:03:00, 1, 4
1588, 06:57:00, 1, 4
1589, 07:03:00, 1, 4
1590, 06:57:00, 1, 4
1591, 07:03:00, 1, 4
1592, 06:57:00, 1, 4
1593, 07:03:00, 1, 4
1594, 06:57:00, 1, 4
1595, 07:03:00, 1, 4
1596, 06:57:00, 1, 4
1597, 07:03:00, 1, 4
1598, 06:57:00, 1, 4
1599, 07:03:00, 1, 4
1600, 06:57:00, 1, 4
1601, 07:03:00, 1, 4
1602, 06:57:00, 1, 4
1603, 07:03:00, 1, 4
1604, 06:57:00, 1, 4
1605, 07:03:00, 1, 4
1606, 06:57:00, 1, 4
1607, 07:03:00, 1, 4
1608, 06:57:00, 1, 4
1609, 07:03:00, 1, 4
1610, 06:57:00, 1, 4
1611, 07:03:00, 1, 4
1612, 06:57:00, 1, 4
1613, 07:03:00, 1, 4
1614, 06:57:00, 1, 4
1615, 07:03:00, 1, 4
1616, 06:57:00, 1, 4
1617, 07:03:00, 1, 4
1618, 06:57:00, 1, 4
1619, 07:04:00, 1, 4
1620, 06:56:00, 1, 4
1621, 07:04:00, 1, 4
1622, 06:56:00, 1, 4
1623, 07:04:00, 1, 4
1624, 06:56:00, 1, 4
1625, 07:04:00, 1, 4
1626, 06:56:00, 1, 4
1627, 07:04:00, 1, 4
1628, 06:56:00, 1, 4
1629, 07:04:00, 1, 4
1630, 06:56:00, 1, 4
1631, 07:04:00, 1, 4
1632, 06:56:00, 1, 4
1633, 07:04:00, 1, 4
1634, 06:56:00, 1, 4
1635, 07:04:00, 1, 4
1636, 06:56:00, 1, 4
1637, 07:04:00, 1, 4
1638, 06:56:00, 1, 4
1639, 07:04:00, 1, 4
1640, 06:56:00, 1, 4
1641, 07:04:00, 1, 4
1642, 06:56:00, 1, 4
1643, 07:04:00, 1, 4
1644, 06:56:00, 1, 4
1645, 07:04:00, 1, 4
1646, 06:56:00, 1, 4
1647, 07:04:00, 1, 4
1648, 06:56:00, 1, 4
1649, 07:04:00, 1, 4
1650, 06:56:00, 1, 4
1651, 07:04:00, 1, 4
1652, 06:56:00, 1, 4
1653, 07:04:00, 1, 4
1654, 06:56:00, 1, 4
1655, 07:04:00, 1, 4
1656, 06:56:00, 1, 4
1657, 07:04:00, 1, 4
1658, 06:56:00, 1, 4
1659, 07:04:00, 1, 4
1660, 06:56:00, 1, 4
1661, 07:04:00, 1, 4
1662, 06:56:00, 1, 4
1663, 07:04:00, 1, 4
1664, 06:56:00, 1, 4
1665, 07:04:00, 1, 4
1666, 06:56:00, 1, 4
1667, 07:04:00, 1, 4
1668, 06:56:00, 1, 4
1669, 07:04:00, 1, 4
1670, 06:56:00, 1, 4
1671, 07:04:00, 1, 4
1672, 06:56:00, 1, 4
1673, 07:05:00, 1, 4
1674, 06:55:00, 1, 4
1675, 07:05:00, 1, 4
1676, 06:55:00, 1, 4
1677, 07:05:00, 1, 4
1678, 06:55:00, 1, 4
1679, 07:05:00, 1, 4
1680, 06:55:00, 1, 4
1681, 07:05:00, 1, 4
1682, 06:55:00, 1, 4
1683, 07:05:00, 1, 4
1684, 06:55:00, 1, 4
1685, 07:05:00, 1, 4
1686, 06:55:00, 1, 4
1687, 07:05:00, 1, 4
1688, 06:55:00, 1, 4
1689, 07:05:00, 1, 4
1690, 06:55:00, 1, 4
1691, 07:05:00, 1, 4
1692, 06:55:00, 1, 4
1693, 07:05:00, 1, 4
1694, 06:55:00, 1, 4
1695, 07:05:00, 1, 4
1696, 06:55:00, 1, 4
1697, 07:05:00, 1, 4
1698, 06:55:00, 1, 4
1699, 07:05:00, 1, 4
1700, 06:55:00, 1, 4
1701, 07:05:00, 1, 4
1702, 06:55:00, 1, 4
1703, 07:05:00, 1, 4
1704, 06:55:00, 1, 4
1705, 07:05:00, 1, 4
1706, 06:55:00, 1, 4
1707, 07:05:00, 1, 4
1708, 06:55:00, 1, 4
1709, 07:05:00, 1, 4
1710, 06:55:00, 1, 4
1711, 07:05:00, 1, 4
1712, 06:55:00, 1, 4
1713, 07:05:00, 1, 4
1714, 06:55:00, 1, 4
1715, 07:05:00, 1, 4
1716, 06:55:00, 1, 4
1717, 07:05:00, 1, 4
1718, 06:55:00, 1, 4
1719, 07:05:00, 1, 4
1720, 06:55:00, 1, 4
1721, 07:06:00, 1, 4
1722, 06:54:00, 1, 4
1723, 07:06:00, 1, 4
1724, 06:54:00, 1, 4
1725, 07:06:00, 1, 4
1726, 06:54:00, 1, 4
1727, 07:06:00, 1, 4
1728, 06:54:00, 1, 4
1729, 07:06:00, 1, 4
1730, 06:54:00, 1, 4
1731, 07:06:00, 1, 4
1732, 06:54:00, 1, 4
1733, 07:06:00, 1, 4
1734, 06:54:00, 1, 4
1735, 07:06:00, 1, 4
1736, 06:54:00, 1, 4
1737, 07:06:00, 1, 4
1738, 06:54:00, 1, 4
1739, 07:06:00, 1, 4
1740, 06:54:00, 1, 4
1741, 07:06:00, 1, 4
1742, 06:54:00, 1, 4
1743, 07:06:00, 1, 4
1744, 06:54:00, 1, 4
1745, 07:06:00, 1, 4
1746, 06:54:00, 1, 4
1747, 07:06:00, 1, 4
1748, 06:54:00, 1, 4
1749, 07:06:00, 1, 4
1750, 06:54:00, 1, 4
1751, 07:06:00, 1, 4
1752, 06:54:00, 1, 4
1753, 07:06:00, 1, 4
1754, 06:54:00, 1, 4
1755, 07:06:00, 1, 4
1756, 06:54:00, 1, 4
1757, 07:06:00, 1, 4
1758, 06:54:00, 1, 4
1759, 07:06:00, 1, 4
1760, 06:54:00, 1, 4
1761, 07:07:00, 1, 4
1762, 06:53:00, 1, 4
1763, 07:07:00, 1, 4
1764, 06:53:00, 1, 4
1765, 07:07:00, 1, 4
1766, 06:53:00, 1, 4
1767, 07:07:00, 1, 4
1768, 06:53:00, 1, 4
1769, 07:07:00, 1, 4
1770, 06:53:00, 1, 4
1771, 07:07:00, 1, 4
1772, 06:53:00, 1, 4
1773, 07:07:00, 1, 4
1774, 06:53:00, 1, 4
1775, 07:07:00, 1, 4
1776, 06:53:00, 1, 4
1777, 07:07:00, 1, 4
1778, 06:53:00, 1, 4
1779, 07:07:00, 1, 4
1780, 06:53:00, 1, 4
1781, 07:07:00, 1, 4
1782, 06:53:00, 1, 4
1783, 07:07:00, 1, 4
1784, 06:53:00, 1, 4
1785, 07:07:00, 1, 4
1786, 06:53:00, 1, 4
1787, 07:07:00, 1, 4
1788, 06:53:00, 1, 4
1789, 07:07:00, 1, 4
1790, 06:53:00, 1, 4
1791, 07:07:00, 1, 4
1792, 06:53:00, 1, 4
1793, 07:07:00, 1, 4
1794, 06:53:00, 1, 4
1795, 07:08:00, 1, 4
1796, 06:52:00, 1, 4
1797, 07:08:00, 1, 4
1798, 06:52:00, 1, 4
1799, 07:08:00, 1, 4
1800, 06:52:00, 1, 4
1801, 07:08:00, 1, 4
1802, 06:52:00, 1, 4
1803, 07:08:00, 1, 4
1804, 06:52:00, 1, 4
1805, 07:08:00, 1, 4
1806, 06:52:00, 1, 4
1807, 07:08:00, 1, 4
1808, 06:52:00, 1, 4
1809, 07:08:00, 1, 4
1810, 06:52:00, 1, 4
1811, 07:08:00, 1, 4
1812, 06:52:00, 1, 4
1813, 07:08:00, 1, 4
1814, 06:52:00, 1, 4
1815, 07:08:00, 1, 4
1816, 06:52:00, 1, 4
1817, 07:08:00, 1, 4
1818, 06:52:00, 1, 4
1819, 07:08:00, 1, 4
1820, 06:52:00, 1, 4
1821, 07:08:00, 1, 4
1822, 06:52:00, 1, 4
1823, 07:09:00, 1, 4
1824, 06:51:00, 1, 4
1825, 07:09:00, 1, 4
1826, 06:51:00, 1, 4
1827, 07:09:00, 1, 4
1828, 06:51:00, 1, 4
1829, 07:09:00, 1, 4
1830, 06:51:00, 1, 4
1831, 07:09:00, 1, 4
1832, 06:51:00, 1, 4
1833, 07:09:00, 1, 4
1834, 06:51:00, 1, 4
1835, 07:09:00, 1, 4
1836, 06:51:00, 1, 4
1837, 07:09:00, 1, 4
1838, 06:51:00, 1, 4
1839, 07:09:00, 1, 4
1840, 06:51:00, 1, 4
1841, 07:09:00, 1, 4
1842, 06:51:00, 1, 4
1843, 07:09:00, 1, 4
1844, 06:51:00, 1, 4
1845, 07:10:00, 1, 4
1846, 06:50:00, 1, 4
1847, 07:10:00, 1, 4
1848, 06:50:00, 1, 4
1849, 07:10:00, 1, 4
1850, 06:50:00, 1, 4
1851, 07:10:00, 1, 4
1852, 06:50:00, 1, 4
1853, 07:10:00, 1, 4
1854, 06:50:00, 1, 4
1855, 07:10:00, 1, 4
1856, 06:50:00, 1, 4
1857, 07:10:00, 1, 4
1858, 06:50:00, 1, 4
1859, 07:10:00, 1, 4
1860, 06:50:00, 1, 4
1861, 07:11:00, 1, 4
1862, 06:49:00, 1, 4
1863, 07:11:00, 1, 4
1864, 06:49:00, 1, 4
1865, 07:11:00, 1, 4
1866, 06:49:00, 1, 4
1867, 07:11:00, 1, 4
1868, 06:49:00, 1, 4
1869, 07:11:00, 1, 4
1870, 06:49:00, 1, 4
1871, 07:11:00, 1, 4
1872, 06:49:00, 1, 4
1873, 07:12:00, 1, 4
1874, 06:48:00, 1, 4
1875, 07:12:00, 1, 4
1876, 06:48:00, 1, 4
1877, 07:12:00, 1, 4
1878, 06:48:00, 1, 4
1879, 07:12:00, 1, 4
1880, 06:48:00, 1, 4
1881, 07:13:00, 1, 4
1882, 06:47:00, 1, 4
1883, 07:13:00, 1, 4
1884, 06:47:00, 1, 4
1885, 07:13:00, 1, 4
1886, 06:47:00, 1, 4
1887, 07:14:00, 1, 4
1888, 06:46:00, 1, 4
1889, 07:14:00, 1, 4
1890, 06:46:00, 1, 4
1891, 07:15:00, 1, 4
1892, 06:45:00, 1, 4
1893, 07:16:00, 1, 4
1894, 06:44:00, 1, 4
1895, 07:17:00, 1, 4
1896, 06:43:00, 1, 4
1897, 07:18:00, 1, 4
1898, 06:42:00, 1, 4
1899, 07:19:00, 1, 4
1900, 06:41:00, 1, 4
1901, 07:20:00, 1, 4
1902, 06:40:00, 1, 4
1903, 07:21:00, 1, 4
1904, 06:39:00, 1, 4
1905, 07:22:00, 1, 4
1906, 06:38:00, 1, 4
1907, 07:23:00, 1, 4
1908, 06:37:00, 1, 4
1909, 07:24:00, 1, 4
1910, 06:36:00, 1, 4
1911, 07:25:00, 1, 4
1912, 06:35:00, 1, 4
1913, 07:00:00, 1, 5
1914, 07:01:00, 1, 5
1915, 06:59:00, 1, 5
1916, 07:02:00, 1, 5
1917, 06:58:00, 1, 5
1918, 07:03:00, 1, 5
1919, 06:57:00, 1, 5
1920, 07:04:00, 1, 5
1921, 06:56:00, 1, 5
1922, 07:05:00, 1, 5
1923, 06:55:00, 1, 5
1924, 07:06:00, 1, 5
1925, 06:54:00, 1, 5
1926, 07:07:00, 1, 5
1927, 06:53:00, 1, 5
1928, 07:08:00, 1, 5
1929, 06:52:00, 1, 5
1930, 07:09:00, 1, 5
1931, 06:51:00, 1, 5
1932, 07:10:00, 1, 5
1933, 06:50:00, 1, 5
1934, 07:11:00, 1, 5
1935, 06:49:00, 1, 5
1936, 07:12:00, 1, 5
1937, 06:48:00, 1, 5
1938, 07:13:00, 1, 5
1939, 07:00:00, 1, 6
1940, 07:00:00, 1, 6
1941, 07:00:00, 1, 6
1942, 07:00:00, 1, 6
1943, 07:00:00, 1, 6
1944, 07:00:00, 1, 6
1945, 07:00:00, 1, 6
1946, 07:00:00, 1, 6
1947, 07:00:00, 1, 6
1948, 07:00:00, 1, 6
1949, 07:00:00, 1, 6
1950, 07:00:00, 1, 6
1951, 07:00:00, 1, 6
1952, 07:00:00, 1, 6
1953, 07:00:00, 1, 6
1954, 07:00:00, 1, 6
1955, 07:00:00, 1, 6
1956, 07:00:00, 1, 6
1957, 07:00:00, 1, 6
1958, 07:00:00, 1, 6
1959, 07:00:00, 1, 6
1960, 07:00:00, 1, 6
1961, 07:00:00, 1, 6
1962, 07:00:00, 1, 6
1963, 07:00:00, 1, 6
1964, 07:00:00, 1, 6
1965, 07:00:00, 1, 6
1966, 07:00:00, 1, 6
1967, 07:00:00, 1, 6
1968, 07:00:00, 1, 6
1969, 07:00:00, 1, 6
1970, 07:00:00, 1, 6
1971, 07:00:00, 1, 6
1972, 07:00:00, 1, 6
1973, 07:00:00, 1, 6
1974, 07:00:00, 1, 6
1975, 07:00:00, 1, 6
1976, 07:00:00, 1, 6
1977, 07:00:00, 1, 6
1978, 07:00:00, 1, 6
1979, 07:00:00, 1, 6
1980, 07:00:00, 1, 6
1981, 07:01:00, 1, 6
1982, 06:59:00, 1, 6
1983, 07:01:00, 1, 6
1984, 06:59:00, 1, 6
1985, 07:01:00, 1, 6
1986, 06:59:00, 1, 6
1987, 07:01:00, 1, 6
1988, 06:59:00, 1, 6
1989, 07:01:00, 1, 6
1990, 06:59:00, 1, 6
1991, 07:01:00, 1, 6
1992, 06:59:00, 1, 6
1993, 07:01:00, 1, 6
1994, 06:59:00, 1, 6
1995, 07:01:00, 1, 6
1996, 06:59:00, 1, 6
1997, 07:01:00, 1, 6
1998, 06:59:00, 1, 6
1999, 07:01:00, 1, 6
2000, 06:59:00, 1, 6
2001, 07:01:00, 1, 6
2002, 06:59:00, 1, 6
2003, 07:01:00, 1, 6
2004, 06:59:00, 1, 6
2005, 07:01:00, 1, 6
2006, 06:59:00, 1, 6
2007, 07:01:00, 1, 6
2008, 06:59:00, 1, 6
2009, 07:01:00, 1, 6
2010, 06:59:00, 1, 6
2011, 07:01:00, 1, 6
2012, 06:59:00, 1, 6
2013, 07:01:00, 1, 6
2014, 06:59:00, 1, 6
2015, 07:01:00, 1, 6
2016, 06:59:00, 1, 6
2017, 07:01:00, 1, 6
2018, 06:59:00, 1, 6
2019, 07:01:00, 1, 6
2020, 06:59:00, 1, 6
2021, 07:01:00, 1, 6
2022, 06:59:00, 1, 6
2023, 07:01:00, 1, 6
2024, 06:59:00, 1, 6
2025, 07:01:00, 1, 6
2026, 06:59:00, 1, 6
2027, 07:01:00, 1, 6
2028, 06:59:00, 1, 6
2029, 07:01:00, 1, 6
2030, 06:59:00, 1, 6
2031, 07:01:00, 1, 6
2032, 06:59:00, 1, 6
2033, 07:01:00, 1, 6
2034, 06:59:00, 1, 6
2035, 07:01:00, 1, 6
2036, 06:59:00, 1, 6
2037, 07:01:00, 1, 6
2038, 06:59:00, 1, 6
2039, 07:01:00, 1, 6
2040, 06:59:00, 1, 6
2041, 07:01:00, 1, 6
2042, 06:59:00, 1, 6
2043, 07:01:00, 1, 6
2044, 06:59:00, 1, 6
2045, 07:01:00, 1, 6
2046, 06:59:00, 1, 6
2047, 07:01:00, 1, 6
2048, 06:59:00, 1, 6
2049, 07:01:00, 1, 6
2050, 06:59:00, 1, 6
2051, 07:01:00, 1, 6
2052, 06:59:00, 1, 6
2053, 07:01:00, 1, 6
2054, 06:59:00, 1, 6
2055, 07:01:00, 1, 6
2056, 06:59:00, 1, 6
2057, 07:01:00, 1, 6
2058, 06:59:00, 1, 6
2059, 07:01:00, 1, 6
2060, 06:59:00, 1, 6
2061, 07:01:00, 1, 6
2062, 06:59:00, 1, 6
2063, 07:01:00, 1, 6
2064, 06:59:00, 1, 6
2065, 07:02:00, 1, 6
2066, 06:58:00, 1, 6
2067, 07:02:00, 1, 6
2068, 06:58:00, 1, 6
2069, 07:02:00, 1, 6
2070, 06:58:00, 1, 6
2071, 07:02:00, 1, 6
2072, 06:58:00, 1, 6
2073, 07:02:00, 1, 6
2074, 06:58:00, 1, 6
2075, 07:02:00, 1, 6
2076, 06:58:00, 1, 6
2077, 07:02:00, 1, 6
2078, 06:58:00, 1, 6
2079, 07:02:00, 1, 6
2080, 06:58:00, 1, 6
2081, 07:02:00, 1, 6
2082, 06:58:00, 1, 6
2083, 07:02:00, 1, 6
2084, 06:58:00, 1, 6
2085, 07:02:00, 1, 6
2086, 06:58:00, 1, 6
2087, 07:02:00, 1, 6
2088, 06:58:00, 1, 6
2089, 07:02:00, 1, 6
2090, 06:58:00, 1, 6
2091, 07:02:00, 1, 6
2092, 06:58:00, 1, 6
2093, 07:02:00, 1, 6
2094, 06:58:00, 1, 6
2095, 07:02:00, 1, 6
2096, 06:58:00, 1, 6
2097, 07:02:00, 1, 6
2098, 06:58:00, 1, 6
2099, 07:02:00, 1, 6
2100, 06:58:00, 1, 6
2101, 07:02:00, 1, 6
2102, 06:58:00, 1, 6
2103, 07:02:00, 1, 6
2104, 06:58:00, 1, 6
2105, 07:02:00, 1, 6
2106, 06:58:00, 1, 6
2107, 07:02:00, 1, 6
2108, 06:58:00, 1, 6
2109, 07:02:00, 1, 6
2110, 06:58:00, 1, 6
2111, 07:02:00, 1, 6
2112, 06:58:00, 1, 6
2113, 07:02:00, 1, 6
2114, 06:58:00, 1, 6
2115, 07:02:00, 1, 6
2116, 06:58:00, 1, 6
2117, 07:02:00, 1, 6
2118, 06:58:00, 1, 6
2119, 07:02:00, 1, 6
2120, 06:58:00, 1, 6
2121, 07:02:00, 1, 6
2122, 06:58:00, 1, 6
2123, 07:02:00, 1, 6
2124, 06:58:00, 1, 6
2125, 07:02:00, 1, 6
2126, 06:58:00, 1, 6
2127, 07:02:00, 1, 6
2128, 06:58:00, 1, 6
2129, 07:02:00, 1, 6
2130, 06:58:00, 1, 6
2131, 07:02:00, 1, 6
2132, 06:58:00, 1, 6
2133, 07:02:00, 1, 6
2134, 06:58:00, 1, 6
2135, 07:02:00, 1, 6
2136, 06:58:00, 1, 6
2137, 07:02:00, 1, 6
2138, 06:58:00, 1, 6
2139, 07:02:00, 1, 6
2140, 06:58:00, 1, 6
2141, 07:02:00, 1, 6
2142, 06:58:00, 1, 6
2143, 07:02:00, 1, 6
2144, 06:58:00, 1, 6
2145, 07:03:00, 1, 6
2146, 06:57:00, 1, 6
2147, 07:03:00, 1, 6
2148, 06:57:00, 1, 6
2149, 07:03:00, 1, 6
2150, 06:57:00, 1, 6
2151, 07:03:00, 1, 6
2152, 06:57:00, 1, 6
2153, 07:03:00, 1, 6
2154, 06:57:00, 1, 6
2155, 07:03:00, 1, 6
2156, 06:57:00, 1, 6
2157, 07:03:00, 1, 6
2158, 06:57:00, 1, 6
2159, 07:03:00, 1, 6
2160, 06:57:00, 1, 6
2161, 07:03:00, 1, 6
2162, 06:57:00, 1, 6
2163, 07:03:00, 1, 6
2164, 06:57:00, 1, 6
2165, 07:03:00, 1, 6
2166, 06:57:00, 1, 6
2167, 07:03:00, 1, 6
2168, 06:57:00, 1, 6
2169, 07:03:00, 1, 6
2170, 06:57:00, 1, 6
2171, 07:03:00, 1, 6
2172, 06:57:00, 1, 6
2173, 07:03:00, 1, 6
2174, 06:57:00, 1, 6
2175, 07:03:00, 1, 6
2176, 06:57:00, 1, 6
2177, 07:03:00, 1, 6
2178, 06:57:00, 1, 6
2179, 07:03:00, 1, 6
2180, 06:57:00, 1, 6
2181, 07:03:00, 1, 6
2182, 06:57:00, 1, 6
2183, 07:03:00, 1, 6
2184, 06:57:00, 1, 6
2185, 07:03:00, 1, 6
2186, 06:57:00, 1, 6
2187, 07:03:00, 1, 6
2188, 06:57:00, 1, 6
2189, 07:03:00, 1, 6
2190, 06:57:00, 1, 6
2191, 07:03:00, 1, 6
2192, 06:57:00, 1, 6
2193, 07:03:00, 1, 6
2194, 06:57:00, 1, 6
2195, 07:03:00, 1, 6
2196, 06:57:00, 1, 6
2197, 07:03:00, 1, 6
2198, 06:57:00, 1, 6
2199, 07:03:00, 1, 6
2200, 06:57:00, 1, 6
2201, 07:03:00, 1, 6
2202, 06:57:00, 1, 6
2203, 07:03:00, 1, 6
2204, 06:57:00, 1, 6
2205, 07:03:00, 1, 6
2206, 06:57:00, 1, 6
2207, 07:03:00, 1, 6
2208, 06:57:00, 1, 6
2209, 07:03:00, 1, 6
2210, 06:57:00, 1, 6
2211, 07:03:00, 1, 6
2212, 06:57:00, 1, 6
2213, 07:03:00, 1, 6
2214, 06:57:00, 1, 6
2215, 07:03:00, 1, 6
2216, 06:57:00, 1, 6
2217, 07:03:00, 1, 6
2218, 06:57:00, 1, 6
2219, 07:04:00, 1, 6
2220, 06:56:00, 1, 6
2221, 07:04:00, 1, 6
2222, 06:56:00, 1, 6
2223, 07:04:00, 1, 6
2224, 06:56:00, 1, 6
2225, 07:04:00, 1, 6
2226, 06:56:00, 1, 6
2227, 07:04:00, 1, 6
2228, 06:56:00, 1, 6
2229, 07:04:00, 1, 6
2230, 06:56:00, 1, 6
2231, 07:04:00, 1, 6
2232, 06:56:00, 1, 6
2233, 07:04:00, 1, 6
2234, 06:56:00, 1, 6
2235, 07:04:00, 1, 6
2236, 06:56:00, 1, 6
2237, 07:04:00, 1, 6
2238, 06:56:00, 1, 6
2239, 07:04:00, 1, 6
2240, 06:56:00, 1, 6
2241, 07:04:00, 1, 6
2242, 06:56:00, 1, 6
2243, 07:04:00, 1, 6
2244, 06:56:00, 1, 6
2245, 07:04:00, 1, 6
2246, 06:56:00, 1, 6
2247, 07:04:00, 1, 6
2248, 06:56:00, 1, 6
2249, 07:04:00, 1, 6
2250, 06:56:00, 1, 6
2251, 07:04:00, 1, 6
2252, 06:56:00, 1, 6
2253, 07:04:00, 1, 6
2254, 06:56:00, 1, 6
2255, 07:04:00, 1, 6
2256, 06:56:00, 1, 6
2257, 07:04:00, 1, 6
2258, 06:56:00, 1, 6
2259, 07:04:00, 1, 6
2260, 06:56:00, 1, 6
2261, 07:04:00, 1, 6
2262, 06:56:00, 1, 6
2263, 07:04:00, 1, 6
2264, 06:56:00, 1, 6
2265, 07:04:00, 1, 6
2266, 06:56:00, 1, 6
2267, 07:04:00, 1, 6
2268, 06:56:00, 1, 6
2269, 07:04:00, 1, 6
2270, 06:56:00, 1, 6
2271, 07:04:00, 1, 6
2272, 06:56:00, 1, 6
2273, 07:04:00, 1, 6
2274, 06:56:00, 1, 6
2275, 07:04:00, 1, 6
2276, 06:56:00, 1, 6
2277, 07:04:00, 1, 6
2278, 06:56:00, 1, 6
2279, 07:04:00, 1, 6
2280, 06:56:00, 1, 6
2281, 07:04:00, 1, 6
2282, 06:56:00, 1, 6
2283, 07:04:00, 1, 6
2284, 06:56:00, 1, 6
2285, 07:04:00, 1, 6
2286, 06:56:00, 1, 6
2287, 07:05:00, 1, 6
2288, 06:55:00, 1, 6
2289, 07:05:00, 1, 6
2290, 06:55:00, 1, 6
2291, 07:05:00, 1, 6
2292, 06:55:00, 1, 6
2293, 07:05:00, 1, 6
2294, 06:55:00, 1, 6
2295, 07:05:00, 1, 6
2296, 06:55:00, 1, 6
2297, 07:05:00, 1, 6
2298, 06:55:00, 1, 6
2299, 07:05:00, 1, 6
2300, 06:55:00, 1, 6
2301, 07:05:00, 1, 6
2302, 06:55:00, 1, 6
2303, 07:05:00, 1, 6
2304, 06:55:00, 1, 6
2305, 07:05:00, 1, 6
2306, 06:55:00, 1, 6
2307, 07:05:00, 1, 6
2308, 06:55:00, 1, 6
2309, 07:05:00, 1, 6
2310, 06:55:00, 1, 6
2311, 07:05:00, 1, 6
2312, 06:55:00, 1, 6
2313, 07:05:00, 1, 6
2314, 06:55:00, 1, 6
2315, 07:05:00, 1, 6
2316, 06:55:00, 1, 6
2317, 07:05:00, 1, 6
2318, 06:55:00, 1, 6
2319, 07:05:00, 1, 6
2320, 06:55:00, 1, 6
2321, 07:05:00, 1, 6
2322, 06:55:00, 1, 6
2323, 07:05:00, 1, 6
2324, 06:55:00, 1, 6
2325, 07:05:00, 1, 6
2326, 06:55:00, 1, 6
2327, 07:05:00, 1, 6
2328, 06:55:00, 1, 6
2329, 07:05:00, 1, 6
2330, 06:55:00, 1, 6
2331, 07:05:00, 1, 6
2332, 06:55:00, 1, 6
2333, 07:05:00, 1, 6
2334, 06:55:00, 1, 6
2335, 07:05:00, 1, 6
2336, 06:55:00, 1, 6
2337, 07:05:00, 1, 6
2338, 06:55:00, 1, 6
2339, 07:05:00, 1, 6
2340, 06:55:00, 1, 6
2341, 07:05:00, 1, 6
2342, 06:55:00, 1, 6
2343, 07:05:00, 1, 6
2344, 06:55:00, 1, 6
2345, 07:05:00, 1, 6
2346, 06:55:00, 1, 6
2347, 07:06:00, 1, 6
2348, 06:54:00, 1, 6
2349, 07:06:00, 1, 6
2350, 06:54:00, 1, 6
2351, 07:06:00, 1, 6
2352, 06:54:00, 1, 6
2353, 07:06:00, 1, 6
2354, 06:54:00, 1, 6
2355, 07:06:00, 1, 6
2356, 06:54:00, 1, 6
2357, 07:06:00, 1, 6
2358, 06:54:00, 1, 6
2359, 07:06:00, 1, 6
2360, 06:54:00, 1, 6
2361, 07:06:00, 1, 6
2362, 06:54:00, 1, 6
2363, 07:06:00, 1, 6
2364, 06:54:00, 1, 6
2365, 07:06:00, 1, 6
2366, 06:54:00, 1, 6
2367, 07:06:00, 1, 6
2368, 06:54:00, 1, 6
2369, 07:06:00, 1, 6
2370, 06:54:00, 1, 6
2371, 07:06:00, 1, 6
2372, 06:54:00, 1, 6
2373, 07:06:00, 1, 6
2374, 06:54:00, 1, 6
2375, 07:06:00, 1, 6
2376, 06:54:00, 1, 6
2377, 07:06:00, 1, 6
2378, 06:54:00, 1, 6
2379, 07:06:00, 1, 6
2380, 06:54:00, 1, 6
2381, 07:06:00, 1, 6
2382, 06:54:00, 1, 6
2383, 07:06:00, 1, 6
2384, 06:54:00, 1, 6
2385, 07:06:00, 1, 6
2386, 06:54:00, 1, 6
2387, 07:06:00, 1, 6
2388, 06:54:00, 1, 6
2389, 07:06:00, 1, 6
2390, 06:54:00, 1, 6
2391, 07:06:00, 1, 6
2392, 06:54:00, 1, 6
2393, 07:06:00, 1, 6
2394, 06:54:00, 1, 6
2395, 07:06:00, 1, 6
2396, 06:54:00, 1, 6
2397, 07:07:00, 1, 6
2398, 06:53:00, 1, 6
2399, 07:07:00, 1, 6
2400, 06:53:00, 1, 6
2401, 07:07:00, 1, 6
2402, 06:53:00, 1, 6
2403, 07:07:00, 1, 6
2404, 06:53:00, 1, 6
2405, 07:07:00, 1, 6
2406, 06:53:00, 1, 6
2407, 07:07:00, 1, 6
2408, 06:53:00, 1, 6
2409, 07:07:00, 1, 6
2410, 06:53:00, 1, 6
2411, 07:07:00, 1, 6
2412, 06:53:00, 1, 6
2413, 07:07:00, 1, 6
2414, 06:53:00, 1, 6
2415, 07:07:00, 1, 6
2416, 06:53:00, 1, 6
2417, 07:07:00, 1, 6
2418, 06:53:00, 1, 6
2419, 07:07:00, 1, 6
2420, 06:53:00, 1, 6
2421, 07:07:00, 1, 6
2422, 06:53:00, 1, 6
2423, 07:07:00, 1, 6
2424, 06:53:00, 1, 6
2425, 07:07:00, 1, 6
2426, 06:53:00, 1, 6
2427, 07:07:00, 1, 6
2428, 06:53:00, 1, 6
2429, 07:07:00, 1, 6
2430, 06:53:00, 1, 6
2431, 07:07:00, 1, 6
2432, 06:53:00, 1, 6
2433, 07:07:00, 1, 6
2434, 06:53:00, 1, 6
2435, 07:07:00, 1, 6
2436, 06:53:00, 1, 6
2437, 07:07:00, 1, 6
2438, 06:53:00, 1, 6
2439, 07:08:00, 1, 6
2440, 06:52:00, 1, 6
2441, 07:08:00, 1, 6
2442, 06:52:00, 1, 6
2443, 07:08:00, 1, 6
2444, 06:52:00, 1, 6
2445, 07:08:00, 1, 6
2446, 06:52:00, 1, 6
2447, 07:08:00, 1, 6
2448, 06:52:00, 1, 6
2449, 07:08:00, 1, 6
2450, 06:52:00, 1, 6
2451, 07:08:00, 1, 6
2452, 06:52:00, 1, 6
2453, 07:08:00, 1, 6
2454, 06:52:00, 1, 6
2455, 07:08:00, 1, 6
2456, 06:52:00, 1, 6
2457, 07:08:00, 1, 6
2458, 06:52:00, 1, 6
2459, 07:08:00, 1, 6
2460, 06:52:00, 1, 6
2461, 07:08:00, 1, 6
2462, 06:52:00, 1, 6
2463, 07:08:00, 1, 6
2464, 06:52:00, 1, 6
2465, 07:08:00, 1, 6
2466, 06:52:00, 1, 6
2467, 07:08:00, 1, 6
2468, 06:52:00, 1, 6
2469, 07:08:00, 1, 6
2470, 06:52:00, 1, 6
2471, 07:08:00, 1, 6
2472, 06:52:00, 1, 6
2473, 07:09:00, 1, 6
2474, 06:51:00, 1, 6
2475, 07:09:00, 1, 6
2476, 06:51:00, 1, 6
2477, 07:09:00, 1, 6
2478, 06:51:00, 1, 6
2479, 07:09:00, 1, 6
2480, 06:51:00, 1, 6
2481, 07:09:00, 1, 6
2482, 06:51:00, 1, 6
2483, 07:09:00, 1, 6
2484, 06:51:00, 1, 6
2485, 07:09:00, 1, 6
2486, 06:51:00, 1, 6
2487, 07:09:00, 1, 6
2488, 06:51:00, 1, 6
2489, 07:09:00, 1, 6
2490, 06:51:00, 1, 6
2491, 07:09:00, 1, 6
2492, 06:51:00, 1, 6
2493, 07:09:00, 1, 6
2494, 06:51:00, 1, 6
2495, 07:09:00, 1, 6
2496, 06:51:00, 1, 6
2497, 07:09:00, 1, 6
2498, 06:51:00, 1, 6
2499, 07:10:00, 1, 6
2500, 06:50:00, 1, 6
2501, 07:10:00, 1, 6
2502, 06:50:00, 1, 6
2503, 07:10:00, 1, 6
2504, 06:50:00, 1, 6
2505, 07:10:00, 1, 6
2506, 06:50:00, 1, 6
2507, 07:10:00, 1, 6
2508, 06:50:00, 1, 6
2509, 07:10:00, 1, 6
2510, 06:50:00, 1, 6
2511, 07:10:00, 1, 6
2512, 06:50:00, 1, 6
2513, 07:10:00, 1, 6
2514, 06:50:00, 1, 6
2515, 07:10:00, 1, 6
2516, 06:50:00, 1, 6
2517, 07:10:00, 1, 6
2518, 06:50:00, 1, 6
2519, 07:11:00, 1, 6
2520, 06:49:00, 1, 6
2521, 07:11:00, 1, 6
2522, 06:49:00, 1, 6
2523, 07:11:00, 1, 6
2524, 06:49:00, 1, 6
2525, 07:11:00, 1, 6
2526, 06:49:00, 1, 6
2527, 07:11:00, 1, 6
2528, 06:49:00, 1, 6
2529, 07:11:00, 1, 6
2530, 06:49:00, 1, 6
2531, 07:11:00, 1, 6
2532, 06:49:00, 1, 6
2533, 07:12:00, 1, 6
2534, 06:48:00, 1, 6
2535, 07:12:00, 1, 6
2536, 06:48:00, 1, 6
2537, 07:12:00, 1, 6
2538, 06:48:00, 1, 6
2539, 07:12:00, 1, 6
2540, 06:48:00, 1, 6
2541, 07:12:00, 1, 6
2542, 06:48:00, 1, 6
2543, 07:13:00, 1, 6
2544, 06:47:00, 1, 6
2545, 07:13:00, 1, 6
2546, 06:47:00, 1, 6
2547, 07:13:00, 1, 6
2548, 06:47:00, 1, 6
2549, 07:13:00, 1, 6
2550, 06:47:00, 1, 6
2551, 07:14:00, 1, 6
2552, 06:46:00, 1, 6
2553, 07:14:00, 1, 6
2554, 06:46:00, 1, 6
2555, 07:15:00, 1, 6
2556, 06:45:00, 1, 6
2557, 07:16:00, 1, 6
2558, 06:44:00, 1, 6
2559, 07:17:00, 1, 6
2560, 06:43:00, 1, 6
2561, 07:18:00, 1, 6
2562, 06:42:00, 1, 6
2563, 07:19:00, 1, 6
2564, 06:41:00, 1, 6
2565, 07:20:00, 1, 6
2566, 06:40:00, 1, 6
2567, 07:21:00, 1, 6
2568, 06:39:00, 1, 6
2569, 07:22:00, 1, 6
2570, 06:38:00, 1, 6
2571, 07:23:00, 1, 6
2572, 06:37:00, 1, 6
2573, 07:24:00, 1, 6
2574, 06:36:00, 1, 6
2575, 07:25:00, 1, 6
2576, 06:35:00, 1, 6
2577, 07:26:00, 1, 6
2578, 06:34:00, 1, 6
2579, 07:27:00, 1, 6
2580, 06:33:00, 1, 6
2581, 07:28:00, 1, 6
2582, 06:32:00, 1, 6
2583, 07:00:00, 2, 3
2584, 07:00:00, 2, 3
2585, 07:00:00, 2, 3
2586, 07:00:00, 2, 3
2587, 07:00:00, 2, 3
2588, 07:00:00, 2, 3
2589, 07:00:00, 2, 3
2590, 07:00:00, 2, 3
2591, 07:00:00, 2, 3
2592, 07:00:00, 2, 3
2593, 07:00:00, 2, 3
2594, 07:01:00, 2, 3
2595, 06:59:00, 2, 3
2596, 07:01:00, 2, 3
2597, 06:59:00, 2, 3
2598, 07:01:00, 2, 3
2599, 06:59:00, 2, 3
2600, 07:01:00, 2, 3
2601, 06:59:00, 2, 3
2602, 07:01:00, 2, 3
2603, 06:59:00, 2, 3
2604, 07:01:00, 2, 3
2605, 06:59:00, 2, 3
2606, 07:01:00, 2, 3
2607, 06:59:00, 2, 3
2608, 07:01:00, 2, 3
2609, 06:59:00, 2, 3
2610, 07:01:00, 2, 3
2611, 06:59:00, 2, 3
2612, 07:01:00, 2, 3
2613, 06:59:00, 2, 3
2614, 07:01:00, 2, 3
2615, 06:59:00, 2, 3
2616, 07:02:00, 2, 3
2617, 06:58:00, 2, 3
2618, 07:02:00, 2, 3
2619, 06:58:00, 2, 3
2620, 07:02:00, 2, 3
2621, 06:58:00, 2, 3
2622, 07:02:00, 2, 3
2623, 06:58:00, 2, 3
2624, 07:02:00, 2, 3
2625, 06:58:00, 2, 3
2626, 07:02:00, 2, 3
2627, 06:58:00, 2, 3
2628, 07:02:00, 2, 3
2629, 06:58:00, 2, 3
2630, 07:02:00, 2, 3
2631, 06:58:00, 2, 3
2632, 07:02:00, 2, 3
2633, 06:58:00, 2, 3
2634, 07:02:00, 2, 3
2635, 06:58:00, 2, 3
2636, 07:03:00, 2, 3
2637, 06:57:00, 2, 3
2638, 07:03:00, 2, 3
2639, 06:57:00, 2, 3
2640, 07:03:00, 2, 3
2641, 06:57:00, 2, 3
2642, 07:03:00, 2, 3
2643, 06:57:00, 2, 3
2644, 07:03:00, 2, 3
2645, 06:57:00, 2, 3
2646, 07:03:00, 2, 3
2647, 06:57:00, 2, 3
2648, 07:03:00, 2, 3
2649, 06:57:00, 2, 3
2650, 07:03:00, 2, 3
2651, 06:57:00, 2, 3
2652, 07:03:00, 2, 3
2653, 06:57:00, 2, 3
2654, 07:04:00, 2, 3
2655, 06:56:00, 2, 3
2656, 07:04:00, 2, 3
2657, 06:56:00, 2, 3
2658, 07:04:00, 2, 3
2659, 06:56:00, 2, 3
2660, 07:04:00, 2, 3
2661, 06:56:00, 2, 3
2662, 07:04:00, 2, 3
2663, 06:56:00, 2, 3
2664, 07:04:00, 2, 3
2665, 06:56:00, 2, 3
2666, 07:04:00, 2, 3
2667, 06:56:00, 2, 3
2668, 07:04:00, 2, 3
2669, 06:56:00, 2, 3
2670, 07:05:00, 2, 3
2671, 06:55:00, 2, 3
2672, 07:05:00, 2, 3
2673, 06:55:00, 2, 3
2674, 07:05:00, 2, 3
2675, 06:55:00, 2, 3
2676, 07:05:00, 2, 3
2677, 06:55:00, 2, 3
2678, 07:05:00, 2, 3
2679, 06:55:00, 2, 3
2680, 07:05:00, 2, 3
2681, 06:55:00, 2, 3
2682, 07:05:00, 2, 3
2683, 06:55:00, 2, 3
2684, 07:06:00, 2, 3
2685, 06:54:00, 2, 3
2686, 07:06:00, 2, 3
2687, 06:54:00, 2, 3
2688, 07:06:00, 2, 3
2689, 06:54:00, 2, 3
2690, 07:06:00, 2, 3
2691, 06:54:00, 2, 3
2692, 07:06:00, 2, 3
2693, 06:54:00, 2, 3
2694, 07:06:00, 2, 3
2695, 06:54:00, 2, 3
2696, 07:07:00, 2, 3
2697, 06:53:00, 2, 3
2698, 07:07:00, 2, 3
2699, 06:53:00, 2, 3
2700, 07:07:00, 2, 3
2701, 06:53:00, 2, 3
2702, 07:07:00, 2, 3
2703, 06:53:00, 2, 3
2704, 07:07:00, 2, 3
2705, 06:53:00, 2, 3
2706, 07:08:00, 2, 3
2707, 06:52:00, 2, 3
2708, 07:08:00, 2, 3
2709, 06:52:00, 2, 3
2710, 07:08:00, 2, 3
2711, 06:52:00, 2, 3
2712, 07:08:00, 2, 3
2713, 06:52:00, 2, 3
2714, 07:09:00, 2, 3
2715, 06:51:00, 2, 3
2716, 07:09:00, 2, 3
2717, 06:51:00, 2, 3
2718, 07:09:00, 2, 3
2719, 06:51:00, 2, 3
2720, 07:10:00, 2, 3
2721, 06:50:00, 2, 3
2722, 07:10:00, 2, 3
2723, 06:50:00, 2, 3
2724, 07:11:00, 2, 3
2725, 06:49:00, 2, 3
2726, 07:11:00, 2, 3
2727, 06:49:00, 2, 3
2728, 07:12:00, 2, 3
2729, 06:48:00, 2, 3
2730, 07:13:00, 2, 3
2731, 06:47:00, 2, 3
2732, 07:14:00, 2, 3
2733, 06:46:00, 2, 3
2734, 07:15:00, 2, 3
2735, 06:45:00, 2, 3
2736, 07:16:00, 2, 3
2737, 06:44:00, 2, 3
2738, 07:17:00, 2, 3
2739, 06:43:00, 2, 3
2740, 07:18:00, 2, 3
2741, 06:42:00, 2, 3
2742, 07:19:00, 2, 3
2743, 06:41:00, 2, 3
2744, 07:20:00, 2, 3
2745, 06:40:00, 2, 3
2746, 07:21:00, 2, 3
2747, 06:39:00, 2, 3
2748, 07:22:00, 2, 3
2749, 06:38:00, 2, 3
2750, 07:23:00, 2, 3
2751, 07:00:00, 2, 4
2752, 07:00:00, 2, 4
2753, 07:00:00, 2, 4
2754, 07:00:00, 2, 4
2755, 07:01:00, 2, 4
2756, 06:59:00, 2, 4
2757, 07:01:00, 2, 4
2758, 06:59:00, 2, 4
2759, 07:01:00, 2, 4
2760, 06:59:00, 2, 4
2761, 07:01:00, 2, 4
2762, 06:59:00, 2, 4
2763, 07:02:00, 2, 4
2764, 06:58:00, 2, 4
2765, 07:02:00, 2, 4
2766, 06:58:00, 2, 4
2767, 07:02:00, 2, 4
2768, 06:58:00, 2, 4
2769, 07:02:00, 2, 4
2770, 06:58:00, 2, 4
2771, 07:03:00, 2, 4
2772, 06:57:00, 2, 4
2773, 07:03:00, 2, 4
2774, 06:57:00, 2, 4
2775, 07:03:00, 2, 4
2776, 06:57:00, 2, 4
2777, 07:04:00, 2, 4
2778, 06:56:00, 2, 4
2779, 07:04:00, 2, 4
2780, 06:56:00, 2, 4
2781, 07:04:00, 2, 4
2782, 06:56:00, 2, 4
2783, 07:05:00, 2, 4
2784, 06:55:00, 2, 4
2785, 07:05:00, 2, 4
2786, 06:55:00, 2, 4
2787, 07:05:00, 2, 4
2788, 06:55:00, 2, 4
2789, 07:06:00, 2, 4
2790, 06:54:00, 2, 4
2791, 07:06:00, 2, 4
2792, 06:54:00, 2, 4
2793, 07:07:00, 2, 4
2794, 06:53:00, 2, 4
2795, 07:07:00, 2, 4
2796, 06:53:00, 2, 4
2797, 07:08:00, 2, 4
2798, 06:52:00, 2, 4
2799, 07:09:00, 2, 4
2800, 06:51:00, 2, 4
2801, 07:10:00, 2, 4
2802, 06:50:00, 2, 4
2803, 07:11:00, 2, 4
2804, 06:49:00, 2, 4
2805, 07:12:00, 2, 4
2806, 06:48:00, 2, 4
2807, 07:13:00, 2, 4
2808, 06:47:00, 2, 4
2809, 07:14:00, 2, 4
2810, 06:46:00, 2, 4
2811, 07:15:00, 2, 4
2812, 06:45:00, 2, 4
2813, 07:16:00, 2, 4
2814, 06:44:00, 2, 4
2815, 07:17:00, 2, 4
2816, 06:43:00, 2, 4
2817, 07:18:00, 2, 4
2818, 06:42:00, 2, 4
2819, 07:00:00, 2, 5
2820, 07:01:00, 2, 5
2821, 07:00:00, 2, 6
2822, 07:00:00, 2, 6
2823, 07:00:00, 2, 6
2824, 07:00:00, 2, 6
2825, 07:00:00, 2, 6
2826, 07:01:00, 2, 6
2827, 06:59:00, 2, 6
2828, 07:01:00, 2, 6
2829, 06:59:00, 2, 6
2830, 07:01:00, 2, 6
2831, 06:59:00, 2, 6
2832, 07:01:00, 2, 6
2833, 06:59:00, 2, 6
2834, 07:01:00, 2, 6
2835, 06:59:00, 2, 6
2836, 07:02:00, 2, 6
2837, 06:58:00, 2, 6
2838, 07:02:00, 2, 6
2839, 06:58:00, 2, 6
2840, 07:02:00, 2, 6
2841, 06:58:00, 2, 6
2842, 07:02:00, 2, 6
2843, 06:58:00, 2, 6
2844, 07:02:00, 2, 6
2845, 06:58:00, 2, 6
2846, 07:03:00, 2, 6
2847, 06:57:00, 2, 6
2848, 07:03:00, 2, 6
2849, 06:57:00, 2, 6
2850, 07:03:00, 2, 6
2851, 06:57:00, 2, 6
2852, 07:03:00, 2, 6
2853, 06:57:00, 2, 6
2854, 07:04:00, 2, 6
2855, 06:56:00, 2, 6
2856, 07:04:00, 2, 6
2857, 06:56:00, 2, 6
2858, 07:04:00, 2, 6
2859, 06:56:00, 2, 6
2860, 07:04:00, 2, 6
2861, 06:56:00, 2, 6
2862, 07:05:00, 2, 6
2863, 06:55:00, 2, 6
2864, 07:05:00, 2, 6
2865, 06:55:00, 2, 6
2866, 07:05:00, 2, 6
2867, 06:55:00, 2, 6
2868, 07:06:00, 2, 6
2869, 06:54:00, 2, 6
2870, 07:06:00, 2, 6
2871, 06:54:00, 2, 6
2872, 07:06:00, 2, 6
2873, 06:54:00, 2, 6
2874, 07:07:00, 2, 6
2875, 06:53:00, 2, 6
2876, 07:07:00, 2, 6
2877, 06:53:00, 2, 6
2878, 07:08:00, 2, 6
2879, 06:52:00, 2, 6
2880, 07:08:00, 2, 6
2881, 06:52:00, 2, 6
2882, 07:09:00, 2, 6
2883, 06:51:00, 2, 6
2884, 07:10:00, 2, 6
2885, 06:50:00, 2, 6
2886, 07:11:00, 2, 6
2887, 06:49:00, 2, 6
2888, 07:12:00, 2, 6
2889, 06:48:00, 2, 6
2890, 07:13:00, 2, 6
2891, 06:47:00, 2, 6
2892, 07:14:00, 2, 6
2893, 06:46:00, 2, 6
2894, 07:15:00, 2, 6
2895, 06:45:00, 2, 6
2896, 07:16:00, 2, 6
2897, 06:44:00, 2, 6
2898, 07:17:00, 2, 6
2899, 06:43:00, 2, 6
2900, 07:18:00, 2, 6
2901, 07:00:00, 3, 4
2902, 07:00:00, 3, 4
2903, 07:00:00, 3, 4
2904, 07:00:00, 3, 4
2905, 07:00:00, 3, 4
2906, 07:00:00, 3, 4
2907, 07:00:00, 3, 4
2908, 07:00:00, 3, 4
2909, 07:00:00, 3, 4
2910, 07:00:00, 3, 4
2911, 07:00:00, 3, 4
2912, 07:00:00, 3, 4
2913, 07:00:00, 3, 4
2914, 07:01:00, 3, 4
2915, 06:59:00, 3, 4
2916, 07:01:00, 3, 4
2917, 06:59:00, 3, 4
2918, 07:01:00, 3, 4
2919, 06:59:00, 3, 4
2920, 07:01:00, 3, 4
2921, 06:59:00, 3, 4
2922, 07:01:00, 3, 4
2923, 06:59:00, 3, 4
2924, 07:01:00, 3, 4
2925, 06:59:00, 3, 4
2926, 07:01:00, 3, 4
2927, 06:59:00, 3, 4
2928, 07:01:00, 3, 4
2929, 06:59:00, 3, 4
2930, 07:01:00, 3, 4
2931, 06:59:00, 3, 4
2932, 07:01:00, 3, 4
2933, 06:59:00, 3, 4
2934, 07:01:00, 3, 4
2935, 06:59:00, 3, 4
2936, 07:01:00, 3, 4
2937, 06:59:00, 3, 4
2938, 07:01:00, 3, 4
2939, 06:59:00, 3, 4
2940, 07:02:00, 3, 4
2941, 06:58:00, 3, 4
2942, 07:02:00, 3, 4
2943, 06:58:00, 3, 4
2944, 07:02:00, 3, 4
2945, 06:58:00, 3, 4
2946, 07:02:00, 3, 4
2947, 06:58:00, 3, 4
2948, 07:02:00, 3, 4
2949, 06:58:00, 3, 4
2950, 07:02:00, 3, 4
2951, 06:58:00, 3, 4
2952, 07:02:00, 3, 4
2953, 06:58:00, 3, 4
2954, 07:02:00, 3, 4
2955, 06:58:00, 3, 4
2956, 07:02:00, 3, 4
2957, 06:58:00, 3, 4
2958, 07:02:00, 3, 4
2959, 06:58:00, 3, 4
2960, 07:02:00, 3, 4
2961, 06:58:00, 3, 4
2962, 07:02:00, 3, 4
2963, 06:58:00, 3, 4
2964, 07:02:00, 3, 4
2965, 06:58:00, 3, 4
2966, 07:03:00, 3, 4
2967, 06:57:00, 3, 4
2968, 07:03:00, 3, 4
2969, 06:57:00, 3, 4
2970, 07:03:00, 3, 4
2971, 06:57:00, 3, 4
2972, 07:03:00, 3, 4
2973, 06:57:00, 3, 4
2974, 07:03:00, 3, 4
2975, 06:57:00, 3, 4
2976, 07:03:00, 3, 4
2977, 06:57:00, 3, 4
2978, 07:03:00, 3, 4
2979, 06:57:00, 3, 4
2980, 07:03:00, 3, 4
2981, 06:57:00, 3, 4
2982, 07:03:00, 3, 4
2983, 06:57:00, 3, 4
2984, 07:03:00, 3, 4
2985, 06:57:00, 3, 4
2986, 07:03:00, 3, 4
2987, 06:57:00, 3, 4
2988, 07:03:00, 3, 4
2989, 06:57:00, 3, 4
2990, 07:04:00, 3, 4
2991, 06:56:00, 3, 4
2992, 07:04:00, 3, 4
2993, 06:56:00, 3, 4
2994, 07:04:00, 3, 4
2995, 06:56:00, 3, 4
2996, 07:04:00, 3, 4
2997, 06:56:00, 3, 4
2998, 07:04:00, 3, 4
2999, 06:56:00, 3, 4
3000, 07:04:00, 3, 4
3001, 06:56:00, 3, 4
3002, 07:04:00, 3, 4
3003, 06:56:00, 3, 4
3004, 07:04:00, 3, 4
3005, 06:56:00, 3, 4
3006, 07:04:00, 3, 4
3007, 06:56:00, 3, 4
3008, 07:04:00, 3, 4
3009, 06:56:00, 3, 4
3010, 07:04:00, 3, 4
3011, 06:56:00, 3, 4
3012, 07:05:00, 3, 4
3013, 06:55:00, 3, 4
3014, 07:05:00, 3, 4
3015, 06:55:00, 3, 4
3016, 07:05:00, 3, 4
3017, 06:55:00, 3, 4
3018, 07:05:00, 3, 4
3019, 06:55:00, 3, 4
3020, 07:05:00, 3, 4
3021, 06:55:00, 3, 4
3022, 07:05:00, 3, 4
3023, 06:55:00, 3, 4
3024, 07:05:00, 3, 4
3025, 06:55:00, 3, 4
3026, 07:05:00, 3, 4
3027, 06:55:00, 3, 4
3028, 07:05:00, 3, 4
3029, 06:55:00, 3, 4
3030, 07:06:00, 3, 4
3031, 06:54:00, 3, 4
3032, 07:06:00, 3, 4
3033, 06:54:00, 3, 4
3034, 07:06:00, 3, 4
3035, 06:54:00, 3, 4
3036, 07:06:00, 3, 4
3037, 06:54:00, 3, 4
3038, 07:06:00, 3, 4
3039, 06:54:00, 3, 4
3040, 07:06:00, 3, 4
3041, 06:54:00, 3, 4
3042, 07:06:00, 3, 4
3043, 06:54:00, 3, 4
3044, 07:06:00, 3, 4
3045, 06:54:00, 3, 4
3046, 07:07:00, 3, 4
3047, 06:53:00, 3, 4
3048, 07:07:00, 3, 4
3049, 06:53:00, 3, 4
3050, 07:07:00, 3, 4
3051, 06:53:00, 3, 4
3052, 07:07:00, 3, 4
3053, 06:53:00, 3, 4
3054, 07:07:00, 3, 4
3055, 06:53:00, 3, 4
3056, 07:07:00, 3, 4
3057, 06:53:00, 3, 4
3058, 07:07:00, 3, 4
3059, 06:53:00, 3, 4
3060, 07:08:00, 3, 4
3061, 06:52:00, 3, 4
3062, 07:08:00, 3, 4
3063, 06:52:00, 3, 4
3064, 07:08:00, 3, 4
3065, 06:52:00, 3, 4
3066, 07:08:00, 3, 4
3067, 06:52:00, 3, 4
3068, 07:08:00, 3, 4
3069, 06:52:00, 3, 4
3070, 07:09:00, 3, 4
3071, 06:51:00, 3, 4
3072, 07:09:00, 3, 4
3073, 06:51:00, 3, 4
3074, 07:09:00, 3, 4
3075, 06:51:00, 3, 4
3076, 07:09:00, 3, 4
3077, 06:51:00, 3, 4
3078, 07:10:00, 3, 4
3079, 06:50:00, 3, 4
3080, 07:10:00, 3, 4
3081, 06:50:00, 3, 4
3082, 07:10:00, 3, 4
3083, 06:50:00, 3, 4
3084, 07:11:00, 3, 4
3085, 06:49:00, 3, 4
3086, 07:11:00, 3, 4
3087, 06:49:00, 3, 4
3088, 07:12:00, 3, 4
3089, 06:48:00, 3, 4
3090, 07:13:00, 3, 4
3091, 06:47:00, 3, 4
3092, 07:14:00, 3, 4
3093, 06:46:00, 3, 4
3094, 07:15:00, 3, 4
3095, 06:45:00, 3, 4
3096, 07:16:00, 3, 4
3097, 06:44:00, 3, 4
3098, 07:17:00, 3, 4
3099, 06:43:00, 3, 4
3100, 07:18:00, 3, 4
3101, 06:42:00, 3, 4
3102, 07:19:00, 3, 4
3103, 06:41:00, 3, 4
3104, 07:20:00, 3, 4
3105, 06:40:00, 3, 4
3106, 07:21:00, 3, 4
3107, 06:39:00, 3, 4
3108, 07:22:00, 3, 4
3109, 07:00:00, 3, 5
3110, 07:01:00, 3, 5
3111, 06:59:00, 3, 5
3112, 07:02:00, 3, 5
3113, 06:58:00, 3, 5
3114, 07:03:00, 3, 5
3115, 07:00:00, 3, 6
3116, 07:00:00, 3, 6
3117, 07:00:00, 3, 6
3118, 07:00:00, 3, 6
3119, 07:00:00, 3, 6
3120, 07:00:00, 3, 6
3121, 07:00:00, 3, 6
3122, 07:00:00, 3, 6
3123, 07:00:00, 3, 6
3124, 07:00:00, 3, 6
3125, 07:00:00, 3, 6
3126, 07:00:00, 3, 6
3127, 07:00:00, 3, 6
3128, 07:00:00, 3, 6
3129, 07:00:00, 3, 6
3130, 07:01:00, 3, 6
3131, 06:59:00, 3, 6
3132, 07:01:00, 3, 6
3133, 06:59:00, 3, 6
3134, 07:01:00, 3, 6
3135, 06:59:00, 3, 6
3136, 07:01:00, 3, 6
3137, 06:59:00, 3, 6
3138, 07:01:00, 3, 6
3139, 06:59:00, 3, 6
3140, 07:01:00, 3, 6
3141, 06:59:00, 3, 6
3142, 07:01:00, 3, 6
3143, 06:59:00, 3, 6
3144, 07:01:00, 3, 6
3145, 06:59:00, 3, 6
3146, 07:01:00, 3, 6
3147, 06:59:00, 3, 6
3148, 07:01:00, 3, 6
3149, 06:59:00, 3, 6
3150, 07:01:00, 3, 6
3151, 06:59:00, 3, 6
3152, 07:01:00, 3, 6
3153, 06:59:00, 3, 6
3154, 07:01:00, 3, 6
3155, 06:59:00, 3, 6
3156, 07:01:00, 3, 6
3157, 06:59:00, 3, 6
3158, 07:01:00, 3, 6
3159, 06:59:00, 3, 6
3160, 07:02:00, 3, 6
3161, 06:58:00, 3, 6
3162, 07:02:00, 3, 6
3163, 06:58:00, 3, 6
3164, 07:02:00, 3, 6
3165, 06:58:00, 3, 6
3166, 07:02:00, 3, 6
3167, 06:58:00, 3, 6
3168, 07:02:00, 3, 6
3169, 06:58:00, 3, 6
3170, 07:02:00, 3, 6
3171, 06:58:00, 3, 6
3172, 07:02:00, 3, 6
3173, 06:58:00, 3, 6
3174, 07:02:00, 3, 6
3175, 06:58:00, 3, 6
3176, 07:02:00, 3, 6
3177, 06:58:00, 3, 6
3178, 07:02:00, 3, 6
3179, 06:58:00, 3, 6
3180, 07:02:00, 3, 6
3181, 06:58:00, 3, 6
3182, 07:02:00, 3, 6
3183, 06:58:00, 3, 6
3184, 07:02:00, 3, 6
3185, 06:58:00, 3, 6
3186, 07:02:00, 3, 6
3187, 06:58:00, 3, 6
3188, 07:02:00, 3, 6
3189, 06:58:00, 3, 6
3190, 07:03:00, 3, 6
3191, 06:57:00, 3, 6
3192, 07:03:00, 3, 6
3193, 06:57:00, 3, 6
3194, 07:03:00, 3, 6
3195, 06:57:00, 3, 6
3196, 07:03:00, 3, 6
3197, 06:57:00, 3, 6
3198, 07:03:00, 3, 6
3199, 06:57:00, 3, 6
3200, 07:03:00, 3, 6
3201, 06:57:00, 3, 6
3202, 07:03:00, 3, 6
3203, 06:57:00, 3, 6
3204, 07:03:00, 3, 6
3205, 06:57:00, 3, 6
3206, 07:03:00, 3, 6
3207, 06:57:00, 3, 6
3208, 07:03:00, 3, 6
3209, 06:57:00, 3, 6
3210, 07:03:00, 3, 6
3211, 06:57:00, 3, 6
3212, 07:03:00, 3, 6
3213, 06:57:00, 3, 6
3214, 07:03:00, 3, 6
3215, 06:57:00, 3, 6
3216, 07:03:00, 3, 6
3217, 06:57:00, 3, 6
3218, 07:04:00, 3, 6
3219, 06:56:00, 3, 6
3220, 07:04:00, 3, 6
3221, 06:56:00, 3, 6
3222, 07:04:00, 3, 6
3223, 06:56:00, 3, 6
3224, 07:04:00, 3, 6
3225, 06:56:00, 3, 6
3226, 07:04:00, 3, 6
3227, 06:56:00, 3, 6
3228, 07:04:00, 3, 6
3229, 06:56:00, 3, 6
3230, 07:04:00, 3, 6
3231, 06:56:00, 3, 6
3232, 07:04:00, 3, 6
3233, 06:56:00, 3, 6
3234, 07:04:00, 3, 6
3235, 06:56:00, 3, 6
3236, 07:04:00, 3, 6
3237, 06:56:00, 3, 6
3238, 07:04:00, 3, 6
3239, 06:56:00, 3, 6
3240, 07:04:00, 3, 6
3241, 06:56:00, 3, 6
3242, 07:05:00, 3, 6
3243, 06:55:00, 3, 6
3244, 07:05:00, 3, 6
3245, 06:55:00, 3, 6
3246, 07:05:00, 3, 6
3247, 06:55:00, 3, 6
3248, 07:05:00, 3, 6
3249, 06:55:00, 3, 6
3250, 07:05:00, 3, 6
3251, 06:55:00, 3, 6
3252, 07:05:00, 3, 6
3253, 06:55:00, 3, 6
3254, 07:05:00, 3, 6
3255, 06:55:00, 3, 6
3256, 07:05:00, 3, 6
3257, 06:55:00, 3, 6
3258, 07:05:00, 3, 6
3259, 06:55:00, 3, 6
3260, 07:05:00, 3, 6
3261, 06:55:00, 3, 6
3262, 07:05:00, 3, 6
3263, 06:55:00, 3, 6
3264, 07:06:00, 3, 6
3265, 06:54:00, 3, 6
3266, 07:06:00, 3, 6
3267, 06:54:00, 3, 6
3268, 07:06:00, 3, 6
3269, 06:54:00, 3, 6
3270, 07:06:00, 3, 6
3271, 06:54:00, 3, 6
3272, 07:06:00, 3, 6
3273, 06:54:00, 3, 6
3274, 07:06:00, 3, 6
3275, 06:54:00, 3, 6
3276, 07:06:00, 3, 6
3277, 06:54:00, 3, 6
3278, 07:06:00, 3, 6
3279, 06:54:00, 3, 6
3280, 07:06:00, 3, 6
3281, 06:54:00, 3, 6
3282, 07:07:00, 3, 6
3283, 06:53:00, 3, 6
3284, 07:07:00, 3, 6
3285, 06:53:00, 3, 6
3286, 07:07:00, 3, 6
3287, 06:53:00, 3, 6
3288, 07:07:00, 3, 6
3289, 06:53:00, 3, 6
3290, 07:07:00, 3, 6
3291, 06:53:00, 3, 6
3292, 07:07:00, 3, 6
3293, 06:53:00, 3, 6
3294, 07:07:00, 3, 6
3295, 06:53:00, 3, 6
3296, 07:07:00, 3, 6
3297, 06:53:00, 3, 6
3298, 07:08:00, 3, 6
3299, 06:52:00, 3, 6
3300, 07:08:00, 3, 6
3301, 06:52:00, 3, 6
3302, 07:08:00, 3, 6
3303, 06:52:00, 3, 6
3304, 07:08:00, 3, 6
3305, 06:52:00, 3, 6
3306, 07:08:00, 3, 6
3307, 06:52:00, 3, 6
3308, 07:08:00, 3, 6
3309, 06:52:00, 3, 6
3310, 07:09:00, 3, 6
3311, 06:51:00, 3, 6
3312, 07:09:00, 3, 6
3313, 06:51:00, 3, 6
3314, 07:09:00, 3, 6
3315, 06:51:00, 3, 6
3316, 07:09:00, 3, 6
3317, 06:51:00, 3, 6
3318, 07:09:00, 3, 6
3319, 06:51:00, 3, 6
3320, 07:10:00, 3, 6
3321, 06:50:00, 3, 6
3322, 07:10:00, 3, 6
3323, 06:50:00, 3, 6
3324, 07:10:00, 3, 6
3325, 06:50:00, 3, 6
3326, 07:11:00, 3, 6
3327, 06:49:00, 3, 6
3328, 07:11:00, 3, 6
3329, 06:49:00, 3, 6
3330, 07:12:00, 3, 6
3331, 06:48:00, 3, 6
3332, 07:12:00, 3, 6
3333, 06:48:00, 3, 6
3334, 07:13:00, 3, 6
3335, 06:47:00, 3, 6
3336, 07:14:00, 3, 6
3337, 06:46:00, 3, 6
3338, 07:15:00, 3, 6
3339, 06:45:00, 3, 6
3340, 07:16:00, 3, 6
3341, 06:44:00, 3, 6
3342, 07:17:00, 3, 6
3343, 06:43:00, 3, 6
3344, 07:18:00, 3, 6
3345, 06:42:00, 3, 6
3346, 07:19:00, 3, 6
3347, 06:41:00, 3, 6
3348, 07:20:00, 3, 6
3349, 06:40:00, 3, 6
3350, 07:21:00, 3, 6
3351, 06:39:00, 3, 6
3352, 07:22:00, 3, 6
3353, 06:38:00, 3, 6
3354, 07:23:00, 3, 6
3355, 07:00:00, 4, 5
3356, 07:01:00, 4, 5
3357, 06:59:00, 4, 5
3358, 07:02:00, 4, 5
3359, 06:58:00, 4, 5
3360, 07:03:00, 4, 5
3361, 07:00:00, 4, 6
3362, 07:00:00, 4, 6
3363, 07:00:00, 4, 6
3364, 07:00:00, 4, 6
3365, 07:00:00, 4, 6
3366, 07:00:00, 4, 6
3367, 07:00:00, 4, 6
3368, 07:00:00, 4, 6
3369, 07:00:00, 4, 6
3370, 07:00:00, 4, 6
3371, 07:00:00, 4, 6
3372, 07:00:00, 4, 6
3373, 07:01:00, 4, 6
3374, 06:59:00, 4, 6
3375, 07:01:00, 4, 6
3376, 06:59:00, 4, 6
3377, 07:01:00, 4, 6
3378, 06:59:00, 4, 6
3379, 07:01:00, 4, 6
3380, 06:59:00, 4, 6
3381, 07:01:00, 4, 6
3382, 06:59:00, 4, 6
3383, 07:01:00, 4, 6
3384, 06:59:00, 4, 6
3385, 07:01:00, 4, 6
3386, 06:59:00, 4, 6
3387, 07:01:00, 4, 6
3388, 06:59:00, 4, 6
3389, 07:01:00, 4, 6
3390, 06:59:00, 4, 6
3391, 07:01:00, 4, 6
3392, 06:59:00, 4, 6
3393, 07:01:00, 4, 6
3394, 06:59:00, 4, 6
3395, 07:01:00, 4, 6
3396, 06:59:00, 4, 6
3397, 07:02:00, 4, 6
3398, 06:58:00, 4, 6
3399, 07:02:00, 4, 6
3400, 06:58:00, 4, 6
3401, 07:02:00, 4, 6
3402, 06:58:00, 4, 6
3403, 07:02:00, 4, 6
3404, 06:58:00, 4, 6
3405, 07:02:00, 4, 6
3406, 06:58:00, 4, 6
3407, 07:02:00, 4, 6
3408, 06:58:00, 4, 6
3409, 07:02:00, 4, 6
3410, 06:58:00, 4, 6
3411, 07:02:00, 4, 6
3412, 06:58:00, 4, 6
3413, 07:02:00, 4, 6
3414, 06:58:00, 4, 6
3415, 07:02:00, 4, 6
3416, 06:58:00, 4, 6
3417, 07:02:00, 4, 6
3418, 06:58:00, 4, 6
3419, 07:03:00, 4, 6
3420, 06:57:00, 4, 6
3421, 07:03:00, 4, 6
3422, 06:57:00, 4, 6
3423, 07:03:00, 4, 6
3424, 06:57:00, 4, 6
3425, 07:03:00, 4, 6
3426, 06:57:00, 4, 6
3427, 07:03:00, 4, 6
3428, 06:57:00, 4, 6
3429, 07:03:00, 4, 6
3430, 06:57:00, 4, 6
3431, 07:03:00, 4, 6
3432, 06:57:00, 4, 6
3433, 07:03:00, 4, 6
3434, 06:57:00, 4, 6
3435, 07:03:00, 4, 6
3436, 06:57:00, 4, 6
3437, 07:03:00, 4, 6
3438, 06:57:00, 4, 6
3439, 07:04:00, 4, 6
3440, 06:56:00, 4, 6
3441, 07:04:00, 4, 6
3442, 06:56:00, 4, 6
3443, 07:04:00, 4, 6
3444, 06:56:00, 4, 6
3445, 07:04:00, 4, 6
3446, 06:56:00, 4, 6
3447, 07:04:00, 4, 6
3448, 06:56:00, 4, 6
3449, 07:04:00, 4, 6
3450, 06:56:00, 4, 6
3451, 07:04:00, 4, 6
3452, 06:56:00, 4, 6
3453, 07:04:00, 4, 6
3454, 06:56:00, 4, 6
3455, 07:04:00, 4, 6
3456, 06:56:00, 4, 6
3457, 07:05:00, 4, 6
3458, 06:55:00, 4, 6
3459, 07:05:00, 4, 6
3460, 06:55:00, 4, 6
3461, 07:05:00, 4, 6
3462, 06:55:00, 4, 6
3463, 07:05:00, 4, 6
3464, 06:55:00, 4, 6
3465, 07:05:00, 4, 6
3466, 06:55:00, 4, 6
3467, 07:05:00, 4, 6
3468, 06:55:00, 4, 6
3469, 07:05:00, 4, 6
3470, 06:55:00, 4, 6
3471, 07:05:00, 4, 6
3472, 06:55:00, 4, 6
3473, 07:06:00, 4, 6
3474, 06:54:00, 4, 6
3475, 07:06:00, 4, 6
3476, 06:54:00, 4, 6
3477, 07:06:00, 4, 6
3478, 06:54:00, 4, 6
3479, 07:06:00, 4, 6
3480, 06:54:00, 4, 6
3481, 07:06:00, 4, 6
3482, 06:54:00, 4, 6
3483, 07:06:00, 4, 6
3484, 06:54:00, 4, 6
3485, 07:06:00, 4, 6
3486, 06:54:00, 4, 6
3487, 07:07:00, 4, 6
3488, 06:53:00, 4, 6
3489, 07:07:00, 4, 6
3490, 06:53:00, 4, 6
3491, 07:07:00, 4, 6
3492, 06:53:00, 4, 6
3493, 07:07:00, 4, 6
3494, 06:53:00, 4, 6
3495, 07:07:00, 4, 6
3496, 06:53:00, 4, 6
3497, 07:07:00, 4, 6
3498, 06:53:00, 4, 6
3499, 07:08:00, 4, 6
3500, 06:52:00, 4, 6
3501, 07:08:00, 4, 6
3502, 06:52:00, 4, 6
3503, 07:08:00, 4, 6
3504, 06:52:00, 4, 6
3505, 07:08:00, 4, 6
3506, 06:52:00, 4, 6
3507, 07:08:00, 4, 6
3508, 06:52:00, 4, 6
3509, 07:09:00, 4, 6
3510, 06:51:00, 4, 6
3511, 07:09:00, 4, 6
3512, 06:51:00, 4, 6
3513, 07:09:00, 4, 6
3514, 06:51:00, 4, 6
3515, 07:10:00, 4, 6
3516, 06:50:00, 4, 6
3517, 07:10:00, 4, 6
3518, 06:50:00, 4, 6
3519, 07:10:00, 4, 6
3520, 06:50:00, 4, 6
3521, 07:11:00, 4, 6
3522, 06:49:00, 4, 6
3523, 07:11:00, 4, 6
3524, 06:49:00, 4, 6
3525, 07:12:00, 4, 6
3526, 06:48:00, 4, 6
3527, 07:13:00, 4, 6
3528, 06:47:00, 4, 6
3529, 07:14:00, 4, 6
3530, 06:46:00, 4, 6
3531, 07:15:00, 4, 6
3532, 06:45:00, 4, 6
3533, 07:16:00, 4, 6
3534, 06:44:00, 4, 6
3535, 07:17:00, 4, 6
3536, 06:43:00, 4, 6
3537, 07:18:00, 4, 6
3538, 06:42:00, 4, 6
3539, 07:19:00, 4, 6
3540, 06:41:00, 4, 6
3541, 07:20:00, 4, 6
3542, 06:40:00, 4, 6
3543, 07:21:00, 4, 6
3544, 06:39:00, 4, 6
3545, 07:00:00, 5, 6
3546, 07:01:00, 5, 6
